t_s,x,y,own_cell_cost
0.83,-2.107,6.01,243
1.34,-2.107,6.01,243
1.84,-2.107,6.01,243
2.34,-2.107,6.01,243
2.85,-2.107,6.01,243
3.35,-2.107,6.01,243
3.85,-2.107,6.01,243
4.36,-2.107,6.011,243
4.86,-2.107,6.011,243
5.36,-2.107,6.011,243
5.86,-2.107,6.011,243
6.37,-2.107,6.011,243
6.87,-2.107,6.011,243
7.38,-2.107,6.011,243
7.88,-2.107,6.011,243
8.38,-2.104,6.045,243
8.88,-2.104,6.045,243
9.39,-2.104,6.045,243
9.89,-2.104,6.048,243
10.39,-2.089,6.265,199
10.89,-2.089,6.265,199
11.4,-2.087,6.301,199
11.9,-2.087,6.301,199
12.4,-2.087,6.301,199
12.91,-2.087,6.301,199
13.41,-2.06,6.54,199
13.91,-2.06,6.54,199
14.42,-2.06,6.54,199
14.92,-2.06,6.54,199
15.43,-2.06,6.54,199
15.93,-2.06,6.54,199
16.44,-2.047,7.07,163
16.94,-2.047,7.07,163
17.44,-2.06,7.156,163
17.95,-2.06,7.156,163
18.45,-2.06,7.156,163
18.96,-2.06,7.156,163
19.46,-2.06,7.156,163
19.96,-2.06,7.156,163
20.46,-2.06,7.156,163
20.97,-2.06,7.156,163
21.47,-2.06,7.156,163
21.98,-2.06,7.156,163
22.48,-2.102,7.759,195
22.98,-2.102,7.759,195
23.49,-2.149,7.949,168
24.0,-2.149,7.949,168
24.5,-2.149,7.949,168
25.0,-2.154,7.975,168
25.51,-2.154,7.975,168
26.01,-2.154,7.975,168
26.51,-2.156,7.971,168
27.02,-2.16,7.962,168
27.52,-2.16,7.962,168
28.02,-2.16,7.962,168
28.53,-2.159,7.963,168
29.03,-2.159,7.963,168
29.53,-2.156,7.964,168
30.04,-2.156,7.964,168
30.54,-2.157,7.961,168
31.04,-2.157,7.961,168
31.55,-2.157,7.961,168
32.05,-2.157,7.961,168
32.56,-2.157,7.961,168
33.06,-2.157,7.961,168
33.57,-2.159,7.955,168
34.07,-2.159,7.955,168
34.57,-2.159,7.955,168
35.08,-2.164,7.941,168
35.58,-2.164,7.941,168
36.08,-2.164,7.941,168
36.59,-2.164,7.941,168
37.1,-2.167,7.932,168
37.6,-2.167,7.932,168
38.1,-2.167,7.932,168
38.61,-2.167,7.932,168
39.11,-2.167,7.932,168
39.62,-2.167,7.932,168
40.12,-2.167,7.932,168
40.62,-2.168,7.912,168
41.13,-2.168,7.912,168
41.63,-2.168,7.908,168
42.13,-2.168,7.908,168
42.64,-2.168,7.908,168
43.14,-2.168,7.908,168
43.64,-2.168,7.908,168
44.15,-2.168,7.908,168
44.65,-2.166,7.895,184
45.15,-2.166,7.895,184
45.65,-2.166,7.895,184
46.15,-2.167,7.892,184
46.66,-2.167,7.892,184
47.16,-2.167,7.892,184
47.67,-2.167,7.892,184
48.17,-2.167,7.892,184
48.68,-2.167,7.892,184
49.18,-2.166,7.887,184
49.68,-2.166,7.887,184
50.18,-2.166,7.887,184
50.69,-2.166,7.887,184
51.19,-2.169,7.882,184
51.69,-2.169,7.882,184
52.2,-2.169,7.882,184
52.7,-2.169,7.882,184
53.2,-2.171,7.877,184
53.71,-2.171,7.877,184
54.21,-2.171,7.877,184
54.72,-2.171,7.877,184
55.22,-2.171,7.875,184
55.72,-2.171,7.875,184
56.23,-2.171,7.865,184
56.73,-2.171,7.862,184
57.24,-2.171,7.862,184
57.74,-2.171,7.862,184
58.24,-2.171,7.862,184
58.74,-2.171,7.862,184
59.25,-2.178,7.845,184
59.75,-2.178,7.845,184
60.25,-2.178,7.845,184
60.76,-2.178,7.845,184
61.26,-2.202,7.765,237
61.76,-2.202,7.765,237
62.26,-2.202,7.765,237
62.77,-2.202,7.765,237
63.28,-2.202,7.765,237
63.78,-2.202,7.765,237
64.28,-2.202,7.765,237
64.79,-2.202,7.765,237
65.3,-2.202,7.765,237
65.8,-2.202,7.765,237
66.3,-2.209,7.357,243
66.81,-2.21,7.288,243
67.31,-2.192,7.203,199
67.82,-2.192,7.203,199
68.32,-2.192,7.203,199
68.82,-2.192,7.203,199
69.33,-2.192,7.203,199
69.83,-2.192,7.203,199
70.33,-2.192,7.203,199
70.84,-2.192,7.203,199
71.34,-2.192,7.203,199
71.84,-2.192,7.203,199
72.35,-2.192,7.203,199
72.85,-2.192,7.203,199
73.35,-2.192,7.203,199
73.86,-2.192,7.203,199
74.36,-1.984,6.273,163
74.86,-1.984,6.273,163
75.37,-1.973,6.136,163
75.87,-1.973,6.136,163
76.38,-1.973,6.136,163
76.88,-1.973,6.136,163
77.39,-1.973,6.136,163
77.89,-1.973,6.136,163
78.39,-1.953,5.785,163
78.9,-1.953,5.785,163
79.4,-1.948,5.629,163
79.9,-1.948,5.629,163
80.4,-1.943,5.526,163
80.91,-1.925,5.432,163
81.41,-1.92,5.409,163
81.91,-1.92,5.409,163
82.41,-1.92,5.409,163
82.92,-1.917,5.386,163
83.42,-1.917,5.386,163
83.92,-1.917,5.386,163
84.42,-1.914,5.329,163
84.93,-1.914,5.329,163
85.43,-1.914,5.329,163
85.93,-1.914,5.329,163
86.44,-1.914,5.329,163
86.94,-1.914,5.329,163
87.45,-1.914,5.329,163
87.95,-1.914,5.329,163
88.45,-1.798,5.132,141
88.96,-1.798,5.132,141
89.46,-1.798,5.132,141
89.97,-1.798,5.132,141
90.47,-1.798,5.132,141
90.97,-1.798,5.132,141
91.48,-1.77,5.087,152
91.98,-1.753,5.074,152
92.48,-1.753,5.074,152
92.99,-1.753,5.074,152
93.49,-1.753,5.074,152
94.0,-1.753,5.074,152
94.5,-1.753,5.074,152
95.01,-1.753,5.074,152
95.51,-1.753,5.074,152
96.01,-1.753,5.074,152
96.52,-1.742,5.046,152
97.02,-1.742,5.046,152
97.53,-1.736,5.044,152
98.03,-1.729,5.041,152
98.54,-1.729,5.041,152
99.04,-1.729,5.041,152
99.54,-1.706,5.029,152
100.05,-1.706,5.029,152
100.56,-1.706,5.029,152
101.06,-1.706,5.029,152
101.56,-1.691,5.021,150
102.07,-1.642,5.011,150
102.57,-1.642,5.011,150
103.07,-1.642,5.011,150
103.58,-1.636,5.009,150
104.08,-1.636,5.009,150
104.58,-1.636,5.009,150
105.09,-1.636,5.009,150
105.59,-1.521,5.004,168
106.09,-1.441,4.998,221
106.59,-1.441,4.998,221
107.1,-1.441,4.998,221
107.6,-1.441,4.998,221
108.1,-1.441,4.998,221
108.6,-1.441,4.998,221
109.11,-1.441,4.998,221
109.61,-0.99,5.07,199
110.11,-0.99,5.07,199
110.62,-0.99,5.07,199
111.12,-0.99,5.07,199
111.62,-0.764,5.136,163
112.12,-0.673,5.179,163
112.63,-0.673,5.179,163
113.13,-0.673,5.179,163
113.63,-0.673,5.179,163
114.14,-0.554,5.255,150
114.64,-0.554,5.255,150
115.14,-0.554,5.255,150
115.65,-0.554,5.255,150
116.15,-0.554,5.255,150
116.65,-0.554,5.255,150
117.15,-0.455,5.351,150
117.66,-0.428,5.38,150
118.16,-0.417,5.389,150
118.67,-0.417,5.389,150
119.17,-0.417,5.389,150
119.67,-0.417,5.389,150
120.17,-0.417,5.389,150
120.68,-0.417,5.389,150
121.18,-0.417,5.389,150
121.68,-0.386,5.432,163
122.19,-0.386,5.432,163
122.69,-0.386,5.432,163
123.19,-0.359,5.489,163
123.69,-0.359,5.489,163
124.2,-0.353,5.54,163
124.7,-0.353,5.54,160
125.2,-0.353,5.54,160
125.7,-0.353,5.54,160
126.21,-0.353,5.54,160
126.71,-0.353,5.54,160
127.21,-0.328,5.645,163
127.71,-0.32,5.677,163
128.22,-0.32,5.677,163
128.72,-0.32,5.677,163
129.22,-0.346,5.783,163
129.73,-0.346,5.783,163
130.23,-0.346,5.783,163
130.73,-0.346,5.783,163
131.23,-0.346,5.783,163
131.74,-0.382,6.156,163
132.24,-0.382,6.156,163
132.74,-0.382,6.156,163
133.24,-0.402,6.327,199
133.75,-0.415,6.446,199
134.26,-0.418,6.544,199
134.76,-0.418,6.544,199
135.26,-0.419,6.58,199
135.76,-0.434,6.741,199
136.26,-0.437,6.782,199
136.77,-0.437,6.782,199
137.27,-0.436,6.876,195
137.77,-0.436,6.876,195
138.28,-0.439,7.043,168
138.78,-0.439,7.043,168
139.28,-0.447,7.131,163
139.79,-0.447,7.131,163
140.29,-0.447,7.131,163
140.79,-0.447,7.131,163
141.29,-0.442,7.349,163
141.8,-0.442,7.349,163
142.3,-0.456,7.455,163
142.8,-0.456,7.455,163
143.31,-0.456,7.455,163
143.81,-0.466,7.524,163
144.31,-0.466,7.524,163
144.82,-0.466,7.524,163
145.32,-0.466,7.524,163
145.83,-0.465,7.544,163
146.33,-0.463,7.564,163
146.83,-0.463,7.564,163
147.33,-0.475,7.63,163
147.84,-0.487,7.7,163
148.34,-0.487,7.7,163
148.84,-0.487,7.7,163
149.35,-0.487,7.7,163
149.85,-0.487,7.7,163
