goal_index,goal_x,goal_y,phase,sent_sim_s,elapsed_s,outcome,nav2_status,message
0,-0.233,0.597,exploration,15575.303,2.101,ok,4,fronteira alcancada; atualizando mapa
1,0.014,2.553,exploration,15578.005,12.127,ok,4,fronteira alcancada; atualizando mapa
2,-0.236,0.603,exploration,15591.014,15.996,failed,,vigia de movimento: comando sem deslocamento real
3,-0.836,0.103,exploration,15609.014,44.99,failed,,meta de fronteira expirou
4,-1.991,0.303,exploration,15656.009,26.058,ok,4,fronteira alcancada; atualizando mapa
5,-3.353,0.395,exploration,15683.014,9.277,ok,4,fronteira alcancada; atualizando mapa
6,-1.621,0.339,exploration,15693.007,45.003,failed,,meta de fronteira expirou
7,-3.971,1.839,exploration,15740.01,45.0,failed,,meta de fronteira expirou
8,-2.971,1.435,exploration,15787.012,38.001,failed,,vigia de movimento: comando sem deslocamento real
9,-1.583,1.535,exploration,15827.013,23.219,ok,4,fronteira alcancada; atualizando mapa
10,-1.633,2.335,exploration,15851.011,3.2,ok,4,fronteira alcancada; atualizando mapa
11,-1.583,2.385,exploration,15855.009,2.273,ok,4,fronteira alcancada; atualizando mapa
12,-1.683,2.535,exploration,15858.01,45.005,failed,,meta de fronteira expirou
13,-1.833,0.285,exploration,15905.01,45.0,failed,,meta de fronteira expirou
14,-4.599,1.535,exploration,15952.013,16.0,failed,,vigia de movimento: comando sem deslocamento real
