sim_s,wall_s,x,y,z,yaw_deg,tilt_deg,cmd_vx,cmd_wz,min_range_m
5351.823,0.001,0.0017,-0.0057,0.3558,90.02,0.52,0.0,0.0,inf
5354.566,0.001,0.0017,-0.0057,0.3558,90.02,0.52,0.0,0.0,inf
5354.566,0.001,0.0004,-0.0053,0.3568,90.01,0.22,0.0,0.0,inf
5354.566,0.002,0.0004,-0.0053,0.3568,90.01,0.22,0.0,0.0,0.544
5354.567,0.002,0.0004,-0.0053,0.3568,90.01,0.22,0.0,0.0,0.544
5354.567,0.002,0.0004,-0.0053,0.3568,90.01,0.22,0.0,0.0,0.544
5354.567,0.002,0.0004,-0.0053,0.3568,90.01,0.22,0.0,0.0,0.544
5354.567,0.003,0.0004,-0.0053,0.3568,90.01,0.22,0.0,0.0,0.544
5354.568,0.003,0.0004,-0.0053,0.3568,90.01,0.22,0.0,0.0,0.544
5354.568,0.003,0.0004,-0.0053,0.3568,90.0,0.22,0.0,0.0,0.544
5354.568,0.003,0.0004,-0.0053,0.3568,90.0,0.22,0.0,0.0,0.544
5354.568,0.003,0.0004,-0.0053,0.3568,90.0,0.22,0.0,0.0,0.544
5354.568,0.003,0.0004,-0.0053,0.3568,90.0,0.22,0.0,0.0,0.544
5354.569,0.003,0.0004,-0.0053,0.3568,90.0,0.22,0.0,0.0,0.544
5354.569,0.004,0.0004,-0.0053,0.3568,90.0,0.21,0.0,0.0,0.544
5354.569,0.004,0.0004,-0.0053,0.3568,90.0,0.21,0.0,0.0,0.544
5354.569,0.004,0.0004,-0.0053,0.3568,89.99,0.21,0.0,0.0,0.544
5354.569,0.004,0.0004,-0.0053,0.3568,89.99,0.21,0.0,0.0,0.544
5354.57,0.004,0.0004,-0.0053,0.3568,89.99,0.21,0.0,0.0,0.544
5354.571,0.005,0.0004,-0.0053,0.3568,89.99,0.21,0.0,0.0,0.544
5354.572,0.007,0.0004,-0.0053,0.3568,89.99,0.21,0.0,0.0,0.544
5354.573,0.007,0.0004,-0.0053,0.3568,89.99,0.21,0.0,0.0,0.544
5354.574,0.008,0.0004,-0.0053,0.3568,89.99,0.21,0.0,0.0,0.544
5354.574,0.009,0.0004,-0.0053,0.3568,89.99,0.21,0.0,0.0,0.544
5354.575,0.009,0.0004,-0.0053,0.3568,89.99,0.21,0.0,0.0,0.544
5354.576,0.01,0.0004,-0.0053,0.3568,89.99,0.21,0.0,0.0,0.544
5354.577,0.011,0.0004,-0.0053,0.3568,89.99,0.21,0.0,0.0,0.544
5354.578,0.012,0.0004,-0.0053,0.3568,89.99,0.21,0.0,0.0,0.544
5354.624,0.058,0.0004,-0.0053,0.3568,89.99,0.21,0.0,0.0,0.544
5354.724,0.158,0.0003,-0.0052,0.3568,90.0,0.21,0.0001,-0.0065,0.544
5354.824,0.258,0.0002,-0.0052,0.3569,90.05,0.21,0.0,-0.0148,0.544
5354.924,0.358,0.0002,-0.0052,0.3569,90.02,0.2,0.0,-0.0148,0.545
5355.024,0.47,0.0002,-0.0052,0.3569,89.99,0.2,0.0,-0.0334,0.545
5355.124,0.57,0.0001,-0.0052,0.357,89.98,0.2,0.0002,-0.0372,0.545
5355.225,0.681,0.0001,-0.0053,0.3571,90.01,0.2,0.0002,-0.0372,0.545
5355.325,0.786,-0.0001,-0.0053,0.3571,90.05,0.21,0.0,-0.0445,0.545
5355.424,0.87,-0.0001,-0.0053,0.3572,90.03,0.21,0.0,-0.0462,0.545
5355.524,0.971,-0.0001,-0.0054,0.3573,89.97,0.2,0.0001,-0.04,0.545
5355.624,1.076,-0.0001,-0.0054,0.3573,90.0,0.21,0.0001,-0.04,0.545
5355.724,1.176,-0.0002,-0.0054,0.3574,90.01,0.21,0.0,-0.0389,0.545
5355.824,1.276,-0.0002,-0.0054,0.3574,89.98,0.21,0.0,-0.0378,0.545
5355.926,1.379,-0.0002,-0.0054,0.3575,89.97,0.21,0.0,-0.0308,0.545
5356.024,1.476,-0.0002,-0.0053,0.3575,90.01,0.21,0.0,-0.0351,0.545
5356.124,1.576,-0.0002,-0.0053,0.3575,90.02,0.21,0.0,-0.037,0.545
5356.224,1.676,-0.0002,-0.0053,0.3575,90.02,0.21,0.0,-0.037,0.545
5356.324,1.776,-0.0002,-0.0053,0.3576,90.01,0.21,0.0,-0.0395,0.545
5356.424,1.876,-0.0002,-0.0053,0.3576,90.02,0.21,0.0,-0.0395,0.545
5356.525,1.987,-0.0002,-0.0053,0.3576,90.01,0.21,0.0,-0.0366,0.545
5356.624,2.077,-0.0002,-0.0053,0.3576,90.0,0.21,0.0001,-0.0327,0.545
5356.724,2.189,-0.0002,-0.0053,0.3576,89.99,0.2,0.0001,-0.0334,0.545
5356.825,2.286,-0.0002,-0.0053,0.3576,90.0,0.21,0.0008,-0.0301,0.545
5356.926,2.393,-0.0002,-0.0053,0.3577,90.01,0.21,0.0001,-0.0343,0.545
5357.026,2.49,-0.0002,-0.0053,0.3577,90.01,0.21,0.0001,-0.034,0.545
5357.125,2.59,-0.0002,-0.0053,0.3577,90.01,0.2,0.0,-0.0353,0.545
5357.224,2.678,-0.0002,-0.0053,0.3577,90.02,0.21,0.0,-0.0386,0.545
5357.324,2.791,-0.0002,-0.0053,0.3577,90.02,0.2,0.0,-0.0386,0.545
5357.424,2.905,-0.0002,-0.0053,0.3577,90.02,0.2,0.0,-0.0423,0.545
5357.524,3.006,-0.0002,-0.0053,0.3577,90.01,0.2,0.0,-0.0405,0.545
5357.627,3.104,-0.0002,-0.0053,0.3577,90.01,0.2,0.0,-0.0388,0.545
5357.74,3.2,-0.0002,-0.0053,0.3577,90.01,0.2,0.0,-0.0369,0.545
5357.825,3.299,-0.0002,-0.0053,0.3577,90.01,0.2,0.0,-0.037,0.545
5357.924,3.407,-0.0002,-0.0053,0.3577,90.01,0.2,0.0,-0.0341,0.545
5358.028,3.49,-0.0002,-0.0053,0.3577,90.01,0.2,0.0,-0.0338,0.545
5358.124,3.586,-0.0002,-0.0053,0.3577,90.01,0.2,0.0,-0.0363,0.545
5358.224,3.698,-0.0002,-0.0053,0.3577,90.01,0.2,0.0,-0.037,0.545
5358.327,3.806,-0.0002,-0.0053,0.3577,90.01,0.2,0.0,-0.0354,0.545
5358.429,3.895,-0.0002,-0.0053,0.3577,90.01,0.2,0.0,-0.0378,0.545
5358.536,4.003,-0.0002,-0.0053,0.3577,90.01,0.2,0.0,-0.0394,0.545
5358.626,4.102,-0.0002,-0.0053,0.3577,90.01,0.2,0.0,-0.0398,0.545
5358.735,4.206,-0.0002,-0.0053,0.3577,90.01,0.2,0.0006,-0.0388,0.545
5358.833,4.298,-0.0002,-0.0053,0.3577,90.01,0.2,0.0001,-0.0365,0.545
5358.924,4.389,-0.0002,-0.0053,0.3577,90.01,0.2,0.0001,-0.0359,0.545
5359.028,4.503,-0.0002,-0.0053,0.3577,90.01,0.2,0.0,-0.0294,0.545
5359.131,4.604,-0.0002,-0.0053,0.3577,90.01,0.2,0.0014,-0.0329,0.545
5359.224,4.697,-0.0002,-0.0053,0.3577,90.01,0.2,0.0002,-0.0382,0.545
5359.324,4.796,-0.0002,-0.0053,0.3577,90.01,0.2,0.0001,-0.0437,0.545
5359.424,4.901,-0.0002,-0.0053,0.3577,90.01,0.2,0.0,-0.0468,0.545
5359.524,5.004,-0.0002,-0.0053,0.3577,90.01,0.2,0.0006,-0.048,0.545
5359.636,5.107,-0.0002,-0.0053,0.3577,89.99,0.2,0.0001,-0.0424,0.545
5359.724,5.202,-0.0002,-0.0053,0.3577,89.99,0.2,0.0001,-0.0423,0.545
5359.824,5.301,-0.0002,-0.0053,0.3578,89.96,0.2,0.0,-0.0401,0.545
5359.924,5.405,-0.0001,-0.0053,0.3578,89.96,0.2,0.0002,-0.0387,0.545
5360.026,5.506,-0.0002,-0.0053,0.3578,89.97,0.2,0.0,-0.0401,0.545
5360.125,5.596,-0.0002,-0.0053,0.3578,89.99,0.21,0.0,-0.0422,0.545
5360.224,5.697,-0.0002,-0.0053,0.3578,90.03,0.21,0.0,-0.0407,0.545
5360.325,5.808,-0.0002,-0.0053,0.3578,89.98,0.21,0.0,-0.0406,0.545
5360.425,5.908,-0.0002,-0.0054,0.3579,89.97,0.21,0.0,-0.041,0.545
5360.525,6.016,-0.0002,-0.0054,0.3579,90.04,0.21,0.0,-0.0339,0.545
5360.625,6.107,-0.0003,-0.0054,0.3579,90.03,0.21,0.0,-0.0331,0.545
5360.727,6.206,-0.0002,-0.0054,0.358,89.96,0.21,0.0,-0.0317,0.545
5360.84,6.324,-0.0002,-0.0054,0.358,89.99,0.21,0.0,-0.039,0.545
5360.924,6.415,-0.0002,-0.0054,0.358,90.02,0.21,0.0,-0.0405,0.545
5361.033,6.526,-0.0002,-0.0054,0.358,90.02,0.21,0.0,-0.0399,0.545
5361.124,6.613,-0.0002,-0.0054,0.358,90.02,0.21,0.0,-0.0377,0.545
5361.229,6.721,-0.0002,-0.0054,0.358,90.0,0.21,0.0,-0.0349,0.545
5361.327,6.815,-0.0002,-0.0054,0.358,90.01,0.21,0.0,-0.0352,0.545
5361.436,6.919,-0.0002,-0.0054,0.3581,90.01,0.21,0.0,-0.0394,0.545
5361.525,7.015,-0.0001,-0.0055,0.3581,89.98,0.21,0.0,-0.0474,0.545
5361.626,7.117,-0.0001,-0.0055,0.3581,89.95,0.21,0.0,-0.0526,0.545
5361.739,7.219,0.0,-0.0048,0.3569,89.78,0.15,0.0,-0.0462,0.544
5361.831,7.319,-0.0,-0.0054,0.3578,89.41,0.2,0.001,-0.0472,0.542
5361.927,7.413,-0.0001,-0.0055,0.3571,89.44,0.09,0.0002,-0.0498,0.542
5362.028,7.515,-0.0021,-0.0058,0.3573,89.41,0.23,0.0001,-0.0457,0.542
5362.137,7.618,-0.0044,-0.0068,0.3566,89.22,0.35,0.0,-0.0415,0.544
5362.235,7.718,-0.0066,-0.0062,0.356,88.56,0.36,0.0,-0.0516,0.543
5362.324,7.81,-0.0075,-0.0056,0.3565,88.29,0.34,0.0,-0.0568,0.543
5362.425,7.914,-0.008,-0.0051,0.3561,88.29,0.31,0.0019,-0.0571,0.542
5362.524,8.008,-0.0086,-0.0074,0.3567,88.08,0.34,0.0003,-0.052,0.542
5362.625,8.115,-0.0079,-0.0086,0.3567,87.73,0.16,0.0002,-0.0514,0.542
5362.724,8.211,-0.006,-0.0093,0.3581,87.25,0.09,0.0,-0.0592,0.54
5362.825,8.33,-0.0022,-0.0095,0.356,87.03,0.18,0.0,-0.0655,0.535
5362.926,8.422,-0.0003,-0.0084,0.3567,86.78,0.32,0.0,-0.045,0.531
5363.025,8.52,0.0004,-0.0064,0.3566,86.68,0.24,0.0,-0.045,0.529
5363.137,8.623,0.0,-0.0057,0.3573,86.27,0.22,0.0002,-0.0463,0.525
5363.225,8.729,-0.0018,-0.0069,0.3572,85.97,0.13,0.0,-0.0634,0.525
5363.325,8.823,-0.0043,-0.0084,0.356,85.86,0.23,0.0,-0.0592,0.524
5363.437,8.924,-0.0081,-0.0126,0.3564,85.65,0.44,0.0,-0.0592,0.526
5363.525,9.021,-0.0106,-0.0146,0.3568,85.22,0.37,0.0,-0.053,0.526
5363.625,9.127,-0.0105,-0.0143,0.3582,84.82,0.31,0.0,-0.0632,0.528
5363.726,9.223,-0.0094,-0.0126,0.3579,84.72,0.2,0.0,-0.0691,0.526
5363.828,9.318,-0.0089,-0.0118,0.3585,84.66,0.22,0.001,-0.0713,0.524
5363.924,9.431,-0.008,-0.0114,0.3582,84.11,0.12,0.0005,-0.0632,0.523
5364.03,9.518,-0.0065,-0.0108,0.3588,83.59,0.17,0.0001,-0.0584,0.516
5364.127,9.623,-0.0054,-0.0118,0.3587,83.29,0.14,0.0,-0.0643,0.516
5364.226,9.724,-0.0051,-0.0126,0.3576,83.17,0.15,0.0,-0.0643,0.513
5364.324,9.816,-0.0056,-0.0141,0.3579,83.04,0.1,0.0,-0.0575,0.512
5364.424,9.923,-0.0059,-0.0152,0.3582,82.57,0.08,0.0,-0.069,0.511
5364.525,10.017,-0.0056,-0.0166,0.3592,82.09,0.14,0.0,-0.069,0.507
5364.634,10.128,-0.0052,-0.0168,0.356,81.9,0.08,0.0,-0.0683,0.505
5364.726,10.231,-0.0063,-0.0171,0.3566,81.52,0.12,0.0,-0.066,0.505
5364.828,10.324,-0.0077,-0.0171,0.357,81.48,0.17,0.0,-0.0637,0.504
5364.928,10.425,-0.0082,-0.016,0.3582,80.76,0.24,0.0,-0.0554,0.505
5365.025,10.532,-0.009,-0.0157,0.358,80.55,0.2,0.0,-0.0643,0.502
5365.125,10.621,-0.01,-0.0155,0.3571,80.47,0.25,0.0,-0.0611,0.501
5365.224,10.729,-0.0126,-0.0184,0.3576,80.15,0.34,0.0,-0.061,0.501
5365.331,10.825,-0.0134,-0.0194,0.3582,79.68,0.23,0.0,-0.0586,0.501
5365.425,10.927,-0.0124,-0.0199,0.3593,79.23,0.19,0.0,-0.0681,0.501
5365.53,11.033,-0.0108,-0.0194,0.3583,78.99,0.1,0.0,-0.0697,0.495
5365.626,11.135,-0.0101,-0.0193,0.3589,78.8,0.16,0.0,-0.062,0.495
5365.736,11.24,-0.0097,-0.019,0.3586,78.46,0.1,0.0,-0.0609,0.491
5365.825,11.338,-0.0089,-0.019,0.3593,77.99,0.19,0.0,-0.0581,0.491
5365.924,11.43,-0.0087,-0.02,0.3586,77.74,0.11,0.0,-0.06,0.488
5366.027,11.532,-0.0095,-0.0207,0.3575,77.63,0.13,0.0,-0.0577,0.486
5366.124,11.638,-0.0118,-0.0226,0.3577,77.46,0.26,0.0,-0.0538,0.486
5366.224,11.73,-0.0124,-0.0229,0.3583,77.06,0.15,0.0,-0.0538,0.486
5366.325,11.831,-0.0122,-0.0233,0.3593,76.62,0.18,0.0,-0.0693,0.486
5366.433,11.947,-0.0119,-0.0229,0.3584,76.38,0.13,0.0,-0.0706,0.482
5366.534,12.041,-0.0129,-0.0234,0.3592,76.21,0.21,0.0,-0.0633,0.482
5366.634,12.132,-0.0142,-0.0239,0.3584,75.97,0.21,0.0,-0.0571,0.481
5366.724,12.224,-0.0145,-0.0236,0.3585,75.39,0.28,0.0,-0.0535,0.481
5366.824,12.329,-0.0146,-0.0237,0.3587,75.14,0.21,0.0,-0.0604,0.479
5366.94,12.438,-0.0151,-0.0242,0.3581,74.98,0.21,0.0,-0.0575,0.477
5367.024,12.531,-0.0168,-0.0265,0.358,74.76,0.29,0.0,-0.0519,0.477
5367.126,12.643,-0.0167,-0.0272,0.3575,74.35,0.17,0.0,-0.05,0.477
5367.224,12.732,-0.0159,-0.0281,0.3586,74.03,0.16,0.0,-0.056,0.476
5367.325,12.843,-0.0141,-0.0285,0.3575,73.83,0.1,0.0,-0.0599,0.473
5367.439,12.939,-0.0137,-0.0288,0.3584,73.68,0.16,0.0,-0.0599,0.47
5367.524,13.034,-0.0138,-0.0281,0.3571,73.34,0.1,0.0,-0.0571,0.47
5367.624,13.138,-0.0138,-0.0279,0.3576,72.94,0.21,0.0,-0.0586,0.468
5367.726,13.244,-0.0147,-0.0286,0.3576,72.6,0.14,0.0,-0.069,0.466
5367.826,13.335,-0.016,-0.0297,0.357,72.5,0.21,0.0,-0.0659,0.465
5367.933,13.437,-0.0188,-0.0323,0.3575,72.28,0.32,0.0,-0.0581,0.466
5368.033,13.536,-0.0191,-0.0332,0.3572,71.75,0.16,0.0,-0.0547,0.465
5368.135,13.638,-0.018,-0.0342,0.3583,71.37,0.13,0.0,-0.0631,0.462
5368.239,13.753,-0.0165,-0.0343,0.3587,71.15,0.09,0.0,-0.0655,0.46
5368.335,13.843,-0.0163,-0.0343,0.3597,71.03,0.14,0.0,-0.0619,0.459
5368.426,13.94,-0.0163,-0.0333,0.3563,70.66,0.11,0.0,-0.0593,0.459
5368.525,14.044,-0.0168,-0.0331,0.3564,70.28,0.26,0.0,-0.0593,0.457
5368.624,14.132,-0.018,-0.0338,0.3569,69.96,0.22,0.0,-0.069,0.455
5368.725,14.24,-0.0201,-0.0355,0.3565,69.77,0.29,0.0,-0.0674,0.455
5368.825,14.352,-0.0237,-0.0386,0.3561,69.47,0.44,0.0,-0.0621,0.455
5368.927,14.447,-0.0248,-0.0394,0.3546,69.04,0.31,0.0,-0.0621,0.456
5369.027,14.538,-0.0239,-0.0399,0.356,68.64,0.22,0.0,-0.0621,0.456
5369.124,14.64,-0.0212,-0.0393,0.3566,68.41,0.12,0.0,-0.0717,0.454
5369.225,14.748,-0.0199,-0.0392,0.3579,68.2,0.16,0.0,-0.074,0.451
5369.325,14.841,-0.0186,-0.0387,0.3572,67.76,0.11,0.0,-0.074,0.449
5369.424,14.943,-0.0179,-0.0393,0.3585,67.25,0.2,0.0,-0.0785,0.448
5369.524,15.043,-0.0178,-0.0406,0.3574,66.92,0.07,0.0,-0.0749,0.448
5369.64,15.151,-0.0189,-0.0418,0.3567,66.7,0.12,0.0,-0.0749,0.448
5369.727,15.243,-0.0214,-0.0435,0.3566,66.36,0.22,0.0,-0.072,0.448
5369.824,15.348,-0.0221,-0.0436,0.3561,65.8,0.17,0.0,-0.0828,0.448
5369.925,15.438,-0.0224,-0.0441,0.3572,65.33,0.19,0.0,-0.0881,0.448
5370.026,15.545,-0.022,-0.0438,0.3563,65.05,0.14,0.0,-0.0801,0.448
5370.13,15.643,-0.023,-0.0446,0.3574,64.69,0.22,0.0,-0.0801,0.448
5370.224,15.75,-0.0236,-0.0446,0.3566,64.14,0.14,0.0,-0.0681,0.448
5370.324,15.839,-0.0231,-0.0446,0.3576,63.66,0.22,0.0,-0.0791,0.448
5370.436,15.952,-0.0221,-0.045,0.3575,63.28,0.1,0.0,-0.0791,0.448
5370.544,16.054,-0.0219,-0.0457,0.3572,63.08,0.15,0.0,-0.0627,0.448
5370.626,16.145,-0.0227,-0.047,0.3571,62.77,0.15,0.0,-0.0676,0.448
5370.724,16.25,-0.0224,-0.0475,0.3567,62.2,0.12,0.0,-0.0676,0.448
5370.83,16.35,-0.0222,-0.0491,0.3575,61.84,0.13,0.0,-0.0688,0.448
5370.924,16.447,-0.0221,-0.0499,0.3584,61.76,0.07,0.0,-0.0547,0.448
5371.027,16.546,-0.0235,-0.0505,0.3591,61.57,0.16,0.0,-0.0605,0.448
5371.124,16.646,-0.0246,-0.0503,0.3579,61.22,0.14,0.0,-0.0605,0.448
5371.226,16.748,-0.0249,-0.0502,0.3588,60.77,0.27,0.0,-0.0736,0.449
5371.326,16.844,-0.0249,-0.0504,0.3582,60.42,0.16,0.0,-0.0803,0.448
5371.424,16.947,-0.0256,-0.0512,0.3578,60.18,0.19,0.0,-0.0803,0.448
5371.525,17.037,-0.0272,-0.0526,0.3575,59.9,0.22,0.0,-0.0742,0.448
5371.624,17.144,-0.0275,-0.0533,0.3567,59.28,0.16,0.0,-0.0742,0.449
5371.734,17.244,-0.0268,-0.0545,0.3577,58.58,0.14,0.0,-0.0742,0.448
5371.824,17.343,-0.0254,-0.0548,0.3573,58.5,0.11,0.0,-0.0878,0.448
5371.926,17.449,-0.0252,-0.0552,0.3585,58.5,0.14,0.0,-0.0428,0.448
5372.026,17.555,-0.0252,-0.0547,0.3569,58.23,0.1,0.0,-0.0381,0.448
5372.13,17.654,-0.0255,-0.0547,0.3577,57.52,0.27,0.0,-0.0383,0.449
5372.226,17.758,-0.0257,-0.0552,0.3574,57.4,0.12,0.0,-0.0499,0.449
5372.326,17.854,-0.0266,-0.0564,0.3576,57.38,0.17,0.0,-0.0456,0.448
5372.432,17.956,-0.0286,-0.058,0.3577,57.36,0.22,0.0,-0.0456,0.448
5372.524,18.052,-0.0286,-0.0586,0.3573,56.89,0.16,0.0,-0.055,0.448
5372.624,18.152,-0.028,-0.06,0.3579,56.55,0.12,0.0,-0.0578,0.449
5372.733,18.249,-0.0269,-0.0604,0.3581,56.37,0.1,0.0,-0.0578,0.449
5372.827,18.351,-0.0271,-0.0609,0.359,56.14,0.12,0.0,-0.0578,0.449
5372.929,18.449,-0.0267,-0.0606,0.3583,55.74,0.09,0.0,-0.068,0.449
5373.026,18.549,-0.0265,-0.0612,0.3594,55.26,0.19,0.0,-0.0753,0.449
5373.124,18.65,-0.0263,-0.062,0.3586,55.02,0.07,0.0,-0.0763,0.448
5373.224,18.75,-0.0272,-0.0625,0.3582,54.84,0.13,0.0,-0.0684,0.448
5373.33,18.849,-0.0292,-0.0631,0.358,54.54,0.18,0.0,-0.0668,0.448
5373.425,18.958,-0.0294,-0.063,0.3578,53.82,0.17,0.0,-0.0747,0.448
5373.524,19.04,-0.0295,-0.0634,0.3583,53.55,0.18,0.0,-0.0747,0.448
5373.624,19.155,-0.029,-0.0631,0.3568,53.41,0.14,0.0,-0.0654,0.448
5373.728,19.25,-0.0301,-0.0638,0.3576,53.11,0.21,0.0,-0.0601,0.448
5373.835,19.351,-0.0303,-0.0638,0.3567,52.68,0.11,0.0,-0.0601,0.448
5373.937,19.454,-0.0298,-0.0644,0.3579,52.2,0.2,0.0,-0.0665,0.448
5374.04,19.562,-0.0288,-0.0652,0.3572,51.95,0.08,0.0,-0.0834,0.449
5374.127,19.654,-0.0287,-0.0657,0.3572,51.76,0.15,0.0,-0.0834,0.449
5374.225,19.773,-0.0294,-0.0665,0.3572,51.37,0.12,0.0,-0.0805,0.448
5374.34,19.858,-0.029,-0.0669,0.3571,50.82,0.12,0.0,-0.0849,0.449
5374.427,19.952,-0.029,-0.0684,0.358,50.36,0.15,0.0,-0.0846,0.449
5374.524,20.055,-0.0288,-0.069,0.3583,50.19,0.07,0.0,-0.0749,0.448
5374.637,20.156,-0.0303,-0.0695,0.3588,49.81,0.12,0.0,-0.0749,0.45
5374.728,20.252,-0.0309,-0.0694,0.3581,49.37,0.09,0.0,-0.0732,0.45
5374.824,20.353,-0.0311,-0.07,0.3592,48.85,0.21,0.0,-0.0704,0.448
5374.928,20.453,-0.0311,-0.0705,0.3588,48.61,0.11,0.0,-0.0654,0.448
5375.024,20.544,-0.0317,-0.0706,0.3582,48.44,0.16,0.0,-0.0654,0.448
5375.126,20.659,-0.0339,-0.071,0.3581,48.15,0.24,0.0,-0.0571,0.449
5375.235,20.757,-0.034,-0.0707,0.3574,47.68,0.18,0.0,-0.0674,0.449
5375.327,20.854,-0.0339,-0.0709,0.3582,47.29,0.22,0.0,-0.0669,0.448
5375.428,20.959,-0.0328,-0.0712,0.3586,47.04,0.12,0.0,-0.0744,0.448
5375.524,21.053,-0.0331,-0.0721,0.3591,46.86,0.15,0.0,-0.0661,0.448
5375.631,21.16,-0.0333,-0.0731,0.3579,46.31,0.09,0.0,-0.0717,0.448
5375.725,21.257,-0.0334,-0.0749,0.359,45.81,0.16,0.0,-0.0717,0.448
5375.827,21.353,-0.033,-0.0765,0.3582,45.56,0.12,0.0,-0.0695,0.448
5375.924,21.466,-0.0329,-0.0772,0.3577,45.33,0.15,0.0,-0.0695,0.448
5376.036,21.56,-0.0337,-0.077,0.3575,45.11,0.12,0.0,-0.0679,0.448
5376.138,21.669,-0.0337,-0.0762,0.3574,44.49,0.17,0.0,-0.0729,0.448
5376.225,21.767,-0.0344,-0.076,0.3578,44.12,0.17,0.0,-0.0698,0.448
5376.334,21.858,-0.0346,-0.0757,0.3573,43.95,0.13,0.0,-0.0646,0.449
5376.427,21.959,-0.0369,-0.0764,0.3577,43.67,0.23,0.0,-0.0623,0.449
5376.524,22.058,-0.0381,-0.0767,0.3579,43.42,0.15,0.0,-0.0623,0.45
5376.638,22.163,-0.038,-0.0777,0.3591,42.81,0.19,0.0,-0.0581,0.448
5376.729,22.262,-0.0369,-0.0787,0.3577,42.63,0.08,0.0,-0.0696,0.449
5376.829,22.365,-0.0365,-0.0792,0.3579,42.48,0.16,0.0,-0.0442,0.449
5376.938,22.463,-0.0366,-0.0795,0.3575,42.2,0.1,0.0,-0.0346,0.449
5377.024,22.562,-0.0361,-0.0797,0.3575,41.84,0.15,0.0,-0.0286,0.449
5377.124,22.662,-0.0363,-0.0808,0.3575,41.66,0.12,0.0,-0.0346,0.449
5377.225,22.765,-0.036,-0.0811,0.356,41.65,0.11,0.0,-0.0383,0.448
5377.335,22.873,-0.0375,-0.0813,0.3567,41.58,0.11,0.0,-0.0383,0.448
5377.425,22.974,-0.0379,-0.0815,0.3581,41.33,0.05,0.0,-0.0382,0.448
5377.531,23.062,-0.0382,-0.0826,0.3594,40.97,0.14,0.0,-0.0382,0.448
5377.641,23.172,-0.0376,-0.0834,0.3572,40.84,0.1,0.0,-0.0426,0.448
5377.724,23.266,-0.038,-0.0831,0.3576,40.77,0.13,0.0,-0.0426,0.448
5377.824,23.369,-0.0389,-0.0822,0.3573,40.53,0.12,0.0,-0.0512,0.448
5377.925,23.468,-0.0389,-0.0813,0.3577,40.12,0.22,0.0,-0.0603,0.448
5378.028,23.576,-0.0395,-0.0808,0.3581,39.81,0.21,0.0,-0.0715,0.448
5378.128,23.667,-0.0404,-0.0806,0.3574,39.67,0.22,0.0,-0.0699,0.448
5378.229,23.78,-0.0434,-0.0813,0.3577,39.38,0.28,0.0,-0.0699,0.448
5378.324,23.87,-0.0447,-0.0816,0.3593,39.01,0.18,0.0,-0.062,0.448
5378.426,23.972,-0.0441,-0.0826,0.3605,38.5,0.17,0.0,-0.0545,0.449
5378.524,24.073,-0.0421,-0.0835,0.3585,38.27,0.1,0.0,-0.0483,0.448
5378.633,24.173,-0.0409,-0.0843,0.3588,38.12,0.24,0.0,-0.0483,0.449
5378.724,24.264,-0.0402,-0.0847,0.3584,37.91,0.19,0.0,-0.0422,0.449
5378.825,24.382,-0.0399,-0.0855,0.3585,37.43,0.22,0.0,-0.0446,0.449
5378.924,24.464,-0.0408,-0.0868,0.3582,37.27,0.16,0.0,-0.0507,0.449
5379.025,24.567,-0.0417,-0.0874,0.356,37.09,0.08,0.0,-0.0526,0.449
5379.127,24.685,-0.0448,-0.0869,0.3564,36.89,0.27,0.0,-0.0491,0.448
5379.226,24.779,-0.046,-0.0851,0.3561,36.62,0.28,0.0,-0.0506,0.449
5379.324,24.884,-0.0463,-0.0836,0.3576,36.21,0.41,0.0,-0.0511,0.449
5379.425,24.975,-0.0458,-0.0825,0.3585,36.14,0.34,0.0,-0.0458,0.448
5379.525,25.068,-0.0475,-0.0834,0.3591,35.98,0.33,0.0,-0.0443,0.448
5379.627,25.177,-0.0496,-0.0848,0.3575,35.71,0.24,0.0,-0.0459,0.448
5379.725,25.273,-0.0493,-0.0869,0.3576,35.28,0.11,0.0,-0.0539,0.449
5379.825,25.379,-0.0485,-0.0895,0.3577,35.07,0.17,0.0,-0.0594,0.449
5379.931,25.493,-0.0465,-0.0915,0.3569,35.0,0.26,0.0,-0.0642,0.448
5380.025,25.585,-0.0452,-0.0922,0.3571,34.76,0.23,0.0,-0.0541,0.448
5380.125,25.687,-0.0436,-0.0918,0.3566,34.12,0.21,0.0,-0.0669,0.448
5380.224,25.781,-0.0445,-0.0922,0.3578,33.9,0.2,0.0,-0.0777,0.449
5380.336,25.88,-0.0461,-0.0924,0.357,33.71,0.07,0.0,-0.0667,0.448
5380.424,25.99,-0.0497,-0.0923,0.3577,33.45,0.24,0.0,-0.065,0.448
5380.525,26.079,-0.0533,-0.0914,0.3568,32.92,0.25,0.0,-0.0674,0.449
5380.627,26.176,-0.0536,-0.0911,0.357,32.5,0.23,0.0,-0.0674,0.448
5380.724,26.274,-0.0528,-0.0911,0.3575,32.31,0.18,0.0,-0.065,0.45
5380.824,26.377,-0.0511,-0.0911,0.357,32.18,0.15,0.0,-0.0638,0.449
5380.925,26.479,-0.0509,-0.0922,0.3578,31.85,0.14,0.0,-0.0617,0.449
5381.04,26.587,-0.0501,-0.0931,0.3577,31.38,0.12,0.0,-0.0568,0.449
5381.124,26.675,-0.0508,-0.095,0.3589,30.99,0.17,0.0,-0.0691,0.449
5381.227,26.787,-0.0509,-0.0965,0.3577,30.67,0.13,0.0,-0.0596,0.448
5381.325,26.883,-0.052,-0.0969,0.3583,30.54,0.12,0.0,-0.0626,0.448
5381.424,26.985,-0.0527,-0.0962,0.3572,30.27,0.07,0.0,-0.0546,0.449
5381.524,27.076,-0.0526,-0.0958,0.3576,29.81,0.18,0.0,-0.0764,0.449
5381.638,27.189,-0.0527,-0.0956,0.3572,29.5,0.12,0.0,-0.0705,0.449
5381.727,27.283,-0.0531,-0.0955,0.3565,29.29,0.15,0.0,-0.0761,0.449
5381.824,27.395,-0.0554,-0.0956,0.3569,29.03,0.22,0.0,-0.058,0.448
5381.925,27.474,-0.0556,-0.0956,0.3563,28.7,0.15,0.0,-0.0738,0.449
5382.027,27.588,-0.0556,-0.0968,0.3581,27.8,0.16,0.0,-0.0875,0.448
5382.14,27.693,-0.0546,-0.0975,0.3594,27.5,0.09,0.0,-0.0953,0.449
5382.226,27.79,-0.0546,-0.0979,0.3605,27.71,0.17,0.0,-0.0771,0.449
5382.324,27.88,-0.0548,-0.0978,0.3592,27.09,0.12,0.0,-0.0692,0.448
5382.426,27.98,-0.0545,-0.0981,0.3594,26.37,0.25,0.0,-0.0545,0.448
5382.524,28.077,-0.0546,-0.0988,0.3594,26.38,0.16,0.0,-0.0751,0.449
5382.624,28.186,-0.0547,-0.0992,0.3586,26.49,0.14,0.0,-0.0701,0.448
5382.736,28.289,-0.0567,-0.0997,0.3585,26.08,0.17,0.0,-0.0554,0.448
5382.826,28.387,-0.0566,-0.1001,0.3577,25.15,0.09,0.0,-0.0738,0.448
5382.926,28.491,-0.0566,-0.1017,0.3591,24.15,0.16,0.0,-0.0738,0.449
5383.024,28.597,-0.0558,-0.1026,0.3592,23.79,0.08,0.0,-0.0945,0.449
5383.125,28.695,-0.0558,-0.1025,0.3604,24.26,0.16,0.0,-0.075,0.449
5383.224,28.789,-0.0555,-0.1017,0.3592,24.57,0.12,0.0,-0.035,0.449
5383.325,28.888,-0.0548,-0.1007,0.3599,23.21,0.33,0.0,-0.0334,0.448
5383.424,28.997,-0.0546,-0.1003,0.3601,22.55,0.2,0.0,-0.0734,0.448
5383.527,29.095,-0.0546,-0.1006,0.3596,23.25,0.22,0.0,-0.0836,0.448
5383.624,29.193,-0.0561,-0.1014,0.3593,22.93,0.17,0.0,-0.0436,0.449
5383.725,29.29,-0.0571,-0.1026,0.358,22.29,0.11,0.0,-0.0508,0.448
5383.83,29.391,-0.0581,-0.1049,0.3591,21.44,0.15,0.0,-0.0556,0.448
5383.924,29.494,-0.0576,-0.1066,0.3589,21.28,0.13,0.0,-0.0693,0.448
5384.025,29.592,-0.0573,-0.1068,0.3605,22.18,0.2,0.0,-0.0428,0.449
5384.126,29.69,-0.0562,-0.1061,0.3596,22.03,0.14,0.0,-0.0102,0.448
5384.225,29.794,-0.0558,-0.1055,0.3601,21.82,0.27,0.0,-0.009,0.448
5384.337,29.895,-0.0561,-0.1048,0.3586,21.8,0.16,0.0,-0.0153,0.449
5384.445,30.004,-0.0577,-0.1046,0.3578,21.71,0.21,0.0,-0.0256,0.45
5384.527,30.092,-0.0613,-0.1046,0.3571,21.25,0.24,0.0,-0.0237,0.45
5384.624,30.193,-0.0623,-0.1053,0.3562,20.68,0.12,0.0,-0.0219,0.449
5384.733,30.292,-0.0625,-0.1074,0.3573,20.11,0.12,0.0,-0.0219,0.448
5384.824,30.391,-0.0608,-0.1088,0.3571,19.98,0.16,0.0,-0.0419,0.448
5384.926,30.493,-0.0595,-0.1097,0.3586,20.5,0.26,0.0,-0.0249,0.448
5385.024,30.591,-0.0582,-0.1099,0.3579,20.45,0.17,0.0,0.0154,0.449
5385.125,30.697,-0.0582,-0.1102,0.3586,20.02,0.2,0.0,-0.0044,0.449
5385.225,30.805,-0.0583,-0.1108,0.3588,19.8,0.18,0.0,-0.0406,0.449
5385.324,30.894,-0.0576,-0.1106,0.359,19.95,0.18,0.0,-0.0397,0.449
5385.427,30.996,-0.0563,-0.11,0.3592,20.26,0.22,0.0,-0.006,0.449
5385.536,31.1,-0.0557,-0.1097,0.3593,20.41,0.23,0.0,-0.0179,0.448
5385.626,31.198,-0.0556,-0.1097,0.3593,20.48,0.23,0.0,-0.0248,0.448
5385.733,31.299,-0.0556,-0.1096,0.3593,20.52,0.23,0.0,-0.0253,0.448
5385.824,31.389,-0.0556,-0.1097,0.3593,20.51,0.23,0.0,-0.0219,0.448
5385.932,31.508,-0.0556,-0.1097,0.3592,20.49,0.23,0.0,-0.0197,0.448
5386.036,31.601,-0.0556,-0.1097,0.3592,20.49,0.23,0.0,-0.022,0.448
5386.129,31.704,-0.0556,-0.1098,0.3592,20.51,0.23,0.0,-0.0235,0.448
5386.224,31.813,-0.0556,-0.1098,0.3592,20.51,0.23,0.0,-0.0299,0.448
5386.324,31.892,-0.0556,-0.1098,0.3592,20.5,0.23,0.0,-0.0326,0.448
5386.427,32.002,-0.0556,-0.1098,0.3592,20.51,0.23,0.0,-0.0342,0.448
5386.532,32.106,-0.0556,-0.1098,0.3592,20.51,0.23,0.0,-0.0327,0.448
5386.625,32.202,-0.0556,-0.1098,0.3592,20.51,0.23,0.0,-0.0306,0.448
5386.729,32.305,-0.0556,-0.1098,0.3592,20.51,0.23,0.0,-0.0317,0.448
5386.825,32.402,-0.0556,-0.1098,0.3592,20.51,0.23,0.0,-0.0351,0.448
5386.924,32.511,-0.0556,-0.1098,0.3592,20.51,0.23,0.0,-0.0393,0.448
5387.025,32.618,-0.0556,-0.1098,0.3592,20.51,0.23,0.0,-0.0399,0.448
5387.125,32.703,-0.0556,-0.1098,0.3592,20.51,0.23,0.0,-0.0401,0.448
5387.225,32.823,-0.0556,-0.1098,0.3592,20.51,0.23,0.0,-0.0404,0.448
5387.325,32.914,-0.0556,-0.1098,0.3592,20.51,0.23,0.0,-0.0311,0.448
5387.427,33.012,-0.0556,-0.1098,0.3592,20.51,0.23,0.0,-0.019,0.448
5387.525,33.106,-0.0556,-0.1098,0.3592,20.51,0.23,0.0,-0.0171,0.448
5387.626,33.212,-0.0556,-0.1098,0.3592,20.51,0.23,0.0,-0.0299,0.448
5387.726,33.323,-0.0556,-0.1098,0.3592,20.51,0.23,0.0,-0.0309,0.448
5387.825,33.415,-0.0556,-0.1098,0.3592,20.51,0.23,0.0,-0.0285,0.448
5387.924,33.512,-0.0556,-0.1098,0.3592,20.51,0.23,0.0,-0.0238,0.448
5388.025,33.622,-0.0556,-0.1098,0.3592,20.51,0.23,0.0,-0.0272,0.448
5388.126,33.715,-0.0556,-0.1098,0.3592,20.51,0.23,0.0,-0.0279,0.448
5388.225,33.805,-0.0556,-0.1098,0.3592,20.51,0.23,0.0,-0.0379,0.448
5388.325,33.915,-0.0556,-0.1098,0.3592,20.51,0.23,0.0,-0.0432,0.448
5388.426,34.026,-0.0556,-0.1098,0.3592,20.51,0.23,0.0,-0.0394,0.448
5388.525,34.112,-0.0556,-0.1098,0.3592,20.51,0.23,0.0,-0.0331,0.448
5388.625,34.221,-0.0556,-0.1098,0.3592,20.51,0.23,0.0,-0.0347,0.448
5388.727,34.315,-0.0556,-0.1098,0.3592,20.51,0.23,0.0,-0.0349,0.448
5388.826,34.42,-0.0556,-0.1098,0.3592,20.51,0.23,0.0,-0.0336,0.448
5388.927,34.519,-0.0556,-0.1098,0.3592,20.51,0.23,0.0,-0.0268,0.448
5389.024,34.616,-0.0556,-0.1098,0.3592,20.51,0.23,0.0,-0.0374,0.448
5389.124,34.72,-0.0556,-0.1098,0.3592,20.51,0.23,0.0,-0.0424,0.448
5389.224,34.815,-0.0556,-0.1098,0.3592,20.51,0.23,0.0,-0.052,0.448
5389.324,34.92,-0.0555,-0.1099,0.3591,20.42,0.23,0.0,-0.0498,0.448
5389.426,35.024,-0.0554,-0.1103,0.3591,20.18,0.23,0.0,-0.0576,0.448
5389.535,35.129,-0.0546,-0.1109,0.3578,19.74,0.2,0.0,-0.0576,0.449
5389.626,35.223,-0.055,-0.1121,0.3586,19.35,0.21,0.0,-0.0675,0.449
5389.729,35.32,-0.0546,-0.1127,0.3569,19.11,0.14,0.0,-0.0701,0.449
5389.827,35.433,-0.0548,-0.112,0.3575,18.93,0.15,0.0,-0.0624,0.45
5389.924,35.527,-0.055,-0.1102,0.3564,18.57,0.1,0.0,-0.0624,0.448
5390.038,35.629,-0.0549,-0.1091,0.357,18.1,0.24,0.0,-0.0602,0.448
5390.125,35.717,-0.0546,-0.1082,0.3563,17.79,0.18,0.0,-0.061,0.448
5390.226,35.826,-0.0547,-0.1075,0.3549,17.84,0.21,0.0,-0.0601,0.449
5390.334,35.936,-0.0571,-0.1074,0.3553,17.46,0.23,0.0,-0.0519,0.448
5390.424,36.043,-0.0579,-0.1076,0.3553,16.9,0.12,0.0,-0.0663,0.448
5390.527,36.135,-0.0581,-0.1092,0.3565,16.51,0.1,0.0,-0.0663,0.449
5390.627,36.237,-0.057,-0.1108,0.3563,16.34,0.11,0.0,-0.0603,0.449
5390.727,36.338,-0.0566,-0.1117,0.3576,16.14,0.21,0.0,-0.0591,0.449
5390.825,36.448,-0.0556,-0.1121,0.3561,15.83,0.16,0.0,-0.0603,0.448
5390.925,36.541,-0.0558,-0.1127,0.3572,15.35,0.2,0.0,-0.0603,0.448
5391.026,36.643,-0.0565,-0.1138,0.3566,15.14,0.13,0.0,-0.0525,0.448
5391.125,36.735,-0.057,-0.1141,0.3561,15.08,0.14,0.0,-0.069,0.448
5391.228,36.837,-0.0588,-0.1138,0.3566,14.86,0.1,0.0,-0.0589,0.449
5391.325,36.932,-0.0591,-0.1134,0.3564,14.31,0.12,0.0,-0.0589,0.449
5391.425,37.038,-0.0595,-0.1138,0.3575,13.93,0.15,0.0,-0.0819,0.449
5391.528,37.147,-0.0591,-0.1141,0.3582,13.69,0.09,0.0,-0.0807,0.449
5391.625,37.236,-0.0598,-0.1141,0.3591,13.5,0.16,0.0,-0.0662,0.448
5391.727,37.338,-0.0607,-0.1141,0.3591,13.1,0.09,0.0,-0.0662,0.449
5391.825,37.443,-0.0609,-0.1155,0.3601,12.43,0.18,0.0,-0.0645,0.448
5391.926,37.565,-0.0611,-0.1172,0.3602,12.13,0.14,0.0,-0.0927,0.448
5392.025,37.653,-0.0607,-0.1173,0.3599,11.96,0.18,0.0,-0.0786,0.448
5392.126,37.746,-0.0609,-0.1169,0.3597,11.64,0.15,0.0,-0.0747,0.448
5392.224,37.852,-0.0604,-0.1168,0.3593,11.08,0.18,0.0,-0.0797,0.448
5392.325,37.955,-0.0611,-0.1169,0.3596,10.65,0.17,0.0,-0.0774,0.448
5392.425,38.051,-0.0614,-0.1168,0.3593,10.39,0.1,0.0,-0.0774,0.449
5392.525,38.146,-0.0628,-0.1165,0.3598,10.19,0.15,0.0,-0.0651,0.449
5392.624,38.254,-0.0644,-0.1159,0.3591,9.69,0.08,0.0,-0.0605,0.448
5392.724,38.343,-0.0647,-0.1166,0.3598,9.27,0.17,0.0,-0.0576,0.449
5392.826,38.455,-0.0645,-0.1184,0.3587,8.95,0.12,0.0,-0.0576,0.45
5392.925,38.553,-0.0638,-0.1188,0.3585,8.84,0.21,0.0,-0.0658,0.449
5393.025,38.652,-0.0638,-0.119,0.3584,8.56,0.15,0.0,-0.0682,0.448
5393.127,38.753,-0.0633,-0.1198,0.3582,8.03,0.17,0.0,-0.0752,0.448
5393.227,38.85,-0.0643,-0.1207,0.3586,7.64,0.17,0.0,-0.0802,0.448
5393.324,38.944,-0.0645,-0.1211,0.3585,7.4,0.13,0.0,-0.0843,0.45
5393.435,39.063,-0.0657,-0.1205,0.3589,7.14,0.1,0.0,-0.0843,0.448
5393.526,39.145,-0.0662,-0.1198,0.3586,6.64,0.11,0.0,-0.0922,0.448
5393.624,39.258,-0.0666,-0.1197,0.3595,6.15,0.2,0.0,-0.0963,0.449
5393.726,39.355,-0.0666,-0.1202,0.3585,5.66,0.08,0.0,-0.1011,0.449
5393.825,39.454,-0.0668,-0.1199,0.3583,5.35,0.15,0.0,-0.1026,0.448
5393.926,39.562,-0.0678,-0.1193,0.3581,4.85,0.13,0.0,-0.1055,0.448
5394.024,39.658,-0.0676,-0.1196,0.3583,4.14,0.15,0.0,-0.1097,0.448
5394.125,39.757,-0.068,-0.1205,0.3587,3.57,0.13,0.0,-0.1076,0.449
5394.225,39.859,-0.0674,-0.1214,0.3575,3.2,0.13,0.0,-0.1076,0.448
5394.331,39.958,-0.0683,-0.1219,0.3579,2.76,0.12,0.0,-0.1088,0.448
5394.424,40.069,-0.0682,-0.1221,0.3558,2.08,0.13,0.0,-0.1075,0.448
5394.527,40.167,-0.0693,-0.1228,0.3573,1.39,0.19,0.0,-0.1025,0.448
5394.635,40.266,-0.0697,-0.1242,0.3561,0.95,0.12,0.0,-0.0946,0.448
5394.724,40.36,-0.0699,-0.1246,0.3564,0.62,0.16,0.0,-0.0546,0.448
5394.829,40.465,-0.0702,-0.1245,0.3564,0.26,0.11,0.0,-0.0133,0.448
5394.932,40.565,-0.0698,-0.1249,0.3568,-0.09,0.16,0.0,-0.0234,0.448
5395.035,40.664,-0.0705,-0.1254,0.3573,-0.22,0.15,0.0,-0.0295,0.448
5395.124,40.758,-0.0701,-0.1252,0.3564,-0.21,0.1,0.0,-0.0326,0.448
5395.224,40.862,-0.0712,-0.1242,0.3572,-0.29,0.13,0.0,-0.027,0.448
5395.327,40.956,-0.0716,-0.1234,0.3579,-0.48,0.12,0.0,-0.027,0.448
5395.432,41.067,-0.072,-0.1233,0.3591,-0.84,0.2,0.0,-0.0346,0.448
5395.524,41.154,-0.0716,-0.1237,0.358,-0.89,0.1,0.0,-0.0411,0.448
5395.626,41.278,-0.072,-0.1235,0.3585,-0.95,0.17,0.0,-0.0431,0.448
5395.725,41.371,-0.073,-0.123,0.3578,-1.15,0.12,0.0,-0.0431,0.448
5395.826,41.458,-0.0731,-0.1235,0.3578,-1.54,0.16,0.0,-0.0414,0.448
5395.924,41.554,-0.0738,-0.1245,0.3582,-1.8,0.15,0.0,-0.0453,0.448
5396.026,41.666,-0.0732,-0.1251,0.3575,-1.83,0.13,0.0,-0.0493,0.448
5396.135,41.764,-0.0741,-0.1251,0.358,-1.99,0.12,0.0,-0.0481,0.448
5396.226,41.865,-0.0741,-0.1254,0.3579,-2.36,0.13,0.0,-0.0509,0.448
5396.339,41.97,-0.0749,-0.126,0.3591,-2.76,0.18,0.0,-0.056,0.448
5396.426,42.064,-0.0752,-0.1269,0.3579,-2.94,0.1,0.0,-0.065,0.448
5396.525,42.158,-0.0754,-0.1268,0.3581,-3.03,0.14,0.0,-0.0655,0.448
5396.626,42.268,-0.0763,-0.126,0.3581,-3.31,0.12,0.0,-0.0634,0.448
5396.725,42.362,-0.0761,-0.1263,0.3582,-3.96,0.17,0.0,-0.0616,0.448
5396.825,42.472,-0.0765,-0.1268,0.3574,-4.25,0.1,0.0,-0.0719,0.448
5396.924,42.571,-0.0759,-0.127,0.3543,-4.51,0.15,0.0,-0.0719,0.448
5397.024,42.667,-0.0769,-0.1268,0.3551,-4.79,0.13,0.0,-0.0789,0.449
5397.125,42.769,-0.0772,-0.1271,0.3561,-5.26,0.09,0.0,-0.072,0.448
5397.224,42.868,-0.0785,-0.1277,0.3578,-5.74,0.15,0.0,-0.0777,0.449
5397.325,42.974,-0.0789,-0.1285,0.3564,-5.97,0.1,0.0,-0.0763,0.448
5397.428,43.067,-0.0788,-0.1281,0.3569,-6.11,0.12,0.0,-0.0763,0.448
5397.524,43.175,-0.079,-0.1266,0.3574,-6.54,0.09,0.0,-0.0571,0.448
5397.632,43.276,-0.0785,-0.1263,0.3582,-7.19,0.19,0.0,-0.0571,0.448
5397.725,43.369,-0.0784,-0.1261,0.3583,-7.7,0.14,0.0,-0.0573,0.448
5397.837,43.472,-0.0779,-0.1259,0.357,-7.84,0.14,0.0,-0.0627,0.448
5397.933,43.568,-0.0793,-0.1254,0.358,-7.5,0.17,0.0,-0.0631,0.448
5398.024,43.674,-0.0804,-0.125,0.3576,-7.86,0.12,0.0,-0.0474,0.448
5398.124,43.768,-0.0816,-0.1259,0.3589,-8.52,0.16,0.0,-0.0517,0.449
5398.238,43.872,-0.0817,-0.1274,0.3572,-8.55,0.06,0.0,-0.0665,0.449
5398.33,43.985,-0.0819,-0.1281,0.3578,-8.49,0.17,0.0,-0.0529,0.448
5398.424,44.068,-0.0818,-0.1282,0.3567,-8.94,0.1,0.0,-0.054,0.448
5398.525,44.171,-0.0815,-0.1288,0.357,-9.64,0.18,0.0,-0.0526,0.448
5398.63,44.273,-0.0822,-0.1295,0.357,-9.92,0.12,0.0,-0.077,0.449
5398.725,44.365,-0.0819,-0.1297,0.3555,-9.96,0.14,0.0,-0.08,0.449
5398.827,44.466,-0.0828,-0.1293,0.3563,-10.26,0.13,0.0,-0.0589,0.448
5398.924,44.57,-0.0831,-0.1287,0.3563,-10.81,0.12,0.0,-0.0703,0.449
5399.03,44.679,-0.0839,-0.1287,0.358,-11.34,0.18,0.0,-0.073,0.449
5399.137,44.775,-0.0838,-0.1294,0.3569,-11.57,0.1,0.0,-0.0684,0.448
5399.224,44.861,-0.084,-0.1291,0.3578,-11.71,0.16,0.0,-0.0701,0.448
5399.325,44.971,-0.0845,-0.1286,0.3575,-12.02,0.13,0.0,-0.0707,0.449
5399.424,45.065,-0.0845,-0.1289,0.3574,-12.5,0.15,0.0,-0.0717,0.448
5399.525,45.183,-0.0855,-0.1296,0.3579,-12.89,0.13,0.0,-0.063,0.448
5399.633,45.277,-0.0858,-0.13,0.357,-13.05,0.12,0.0,-0.063,0.448
5399.726,45.38,-0.0874,-0.1297,0.3574,-13.36,0.13,0.0,-0.0616,0.448
5399.828,45.473,-0.088,-0.1299,0.3582,-13.76,0.06,0.0,-0.0616,0.448
5399.925,45.572,-0.0895,-0.1307,0.3596,-14.3,0.14,0.0,-0.0703,0.448
5400.031,45.68,-0.0899,-0.1319,0.3586,-14.61,0.11,0.0,-0.0826,0.448
5400.124,45.783,-0.09,-0.1319,0.3591,-14.81,0.17,0.0,-0.0769,0.448
5400.224,45.873,-0.0897,-0.1314,0.3583,-15.19,0.1,0.0,-0.0735,0.448
5400.327,45.973,-0.0893,-0.1314,0.3585,-15.62,0.19,0.0,-0.0735,0.448
5400.426,46.075,-0.0894,-0.1312,0.3591,-16.14,0.17,0.0,-0.079,0.448
5400.536,46.176,-0.0889,-0.131,0.3583,-16.36,0.14,0.0,-0.0898,0.448
5400.624,46.272,-0.09,-0.1303,0.3587,-16.55,0.16,0.0,-0.0774,0.448
5400.728,46.368,-0.0905,-0.1299,0.3586,-17.03,0.1,0.0,-0.0717,0.448
5400.826,46.47,-0.0921,-0.1305,0.3598,-17.77,0.16,0.0,-0.0801,0.449
5400.925,46.568,-0.0925,-0.1312,0.3592,-18.04,0.1,0.0,-0.0855,0.448
5401.024,46.676,-0.0926,-0.131,0.3596,-18.12,0.17,0.0,-0.0798,0.449
5401.124,46.772,-0.0929,-0.1305,0.359,-18.49,0.13,0.0,-0.0798,0.448
5401.23,46.887,-0.0926,-0.1312,0.3592,-19.28,0.2,0.0,-0.0934,0.448
5401.327,46.976,-0.0933,-0.1319,0.3587,-19.7,0.14,0.0013,-0.1212,0.448
5401.424,47.084,-0.093,-0.1322,0.3574,-20.09,0.14,0.0,-0.1022,0.448
5401.526,47.179,-0.094,-0.1317,0.3573,-20.58,0.12,0.0,-0.091,0.448
5401.627,47.28,-0.0941,-0.1316,0.3577,-21.16,0.13,0.0,-0.1108,0.448
5401.737,47.379,-0.0951,-0.1316,0.3591,-21.82,0.19,0.0007,-0.1041,0.448
5401.826,47.48,-0.0952,-0.1321,0.3571,-22.19,0.09,0.0001,-0.1089,0.448
5401.926,47.571,-0.0954,-0.1317,0.3575,-22.49,0.15,0.0001,-0.1145,0.448
5402.027,47.689,-0.0959,-0.1309,0.3577,-23.19,0.08,0.0,-0.0882,0.449
5402.124,47.774,-0.0962,-0.1316,0.3588,-23.81,0.17,0.0,-0.0992,0.449
5402.225,47.887,-0.097,-0.1322,0.3586,-24.16,0.15,0.0,-0.0893,0.449
5402.326,47.982,-0.0963,-0.133,0.3571,-24.46,0.15,0.0,-0.0961,0.449
5402.426,48.075,-0.0965,-0.1326,0.3575,-24.73,0.12,0.0092,-0.076,0.448
5402.536,48.184,-0.0955,-0.1328,0.3569,-25.32,0.15,0.0016,-0.0616,0.449
5402.625,48.285,-0.0957,-0.1326,0.3582,-25.7,0.19,0.0097,-0.086,0.449
5402.725,48.376,-0.0954,-0.1326,0.3584,-25.93,0.1,0.0097,-0.086,0.449
5402.824,48.484,-0.0949,-0.131,0.3591,-26.24,0.17,0.0015,-0.0782,0.448
5402.926,48.578,-0.095,-0.1297,0.3584,-26.6,0.15,0.0014,-0.073,0.448
5403.029,48.693,-0.0948,-0.13,0.3587,-27.22,0.22,0.0,-0.071,0.448
5403.128,48.79,-0.095,-0.131,0.358,-27.53,0.12,0.0,-0.0709,0.448
5403.227,48.889,-0.0947,-0.1318,0.3574,-27.71,0.14,0.0094,-0.0518,0.448
5403.324,48.986,-0.0958,-0.1318,0.3575,-27.96,0.15,0.0044,-0.0772,0.448
5403.424,49.075,-0.0956,-0.1328,0.3566,-28.33,0.12,0.0044,-0.0772,0.448
5403.534,49.185,-0.0968,-0.1341,0.3581,-28.9,0.19,0.0047,-0.0663,0.448
5403.642,49.293,-0.0971,-0.1351,0.358,-29.14,0.14,0.0002,-0.0763,0.449
5403.725,49.386,-0.0972,-0.1349,0.3589,-29.36,0.15,0.0,-0.0693,0.449
5403.824,49.478,-0.097,-0.1346,0.3578,-29.73,0.11,0.0,-0.0693,0.448
5403.924,49.576,-0.0968,-0.1348,0.3578,-30.24,0.19,0.0,-0.0961,0.448
5404.041,49.694,-0.0973,-0.135,0.3578,-30.82,0.12,0.0,-0.118,0.449
5404.134,49.797,-0.0968,-0.1349,0.3572,-31.16,0.13,0.0003,-0.1121,0.448
5404.224,49.899,-0.0975,-0.1336,0.357,-31.7,0.17,0.0006,-0.1097,0.448
5404.325,49.994,-0.0974,-0.1338,0.3563,-32.41,0.13,0.0002,-0.1088,0.449
5404.426,50.081,-0.0979,-0.1341,0.3579,-33.05,0.2,0.0002,-0.1088,0.448
5404.539,50.191,-0.0982,-0.1356,0.358,-33.55,0.11,0.0,-0.1447,0.448
5404.624,50.287,-0.0986,-0.1359,0.3588,-34.09,0.15,0.0,-0.1279,0.448
5404.73,50.384,-0.0988,-0.1366,0.358,-34.78,0.11,0.0067,-0.1499,0.448
5404.824,50.476,-0.0994,-0.1378,0.3589,-35.53,0.2,0.002,-0.1253,0.448
5404.924,50.588,-0.1012,-0.1388,0.3593,-36.27,0.23,0.0007,-0.1557,0.448
5405.027,50.687,-0.101,-0.1399,0.358,-37.02,0.21,0.0,-0.1481,0.448
5405.127,50.784,-0.1011,-0.1396,0.3581,-37.58,0.13,0.0068,-0.1094,0.448
5405.224,50.899,-0.1004,-0.1405,0.3585,-38.44,0.2,0.0011,-0.1448,0.448
5405.329,50.988,-0.1009,-0.1397,0.3597,-39.2,0.22,0.0011,-0.1448,0.448
5405.434,51.104,-0.1003,-0.139,0.3571,-39.8,0.1,0.0,-0.1498,0.448
5405.525,51.19,-0.1,-0.1365,0.3578,-40.36,0.17,0.0004,-0.1641,0.448
5405.633,51.305,-0.0993,-0.134,0.3565,-41.17,0.13,0.0004,-0.1641,0.448
5405.725,51.392,-0.0988,-0.1335,0.3578,-42.04,0.27,0.0006,-0.158,0.448
5405.824,51.479,-0.098,-0.1345,0.357,-42.78,0.14,0.0002,-0.1449,0.448
5405.926,51.585,-0.0971,-0.1357,0.3562,-43.28,0.19,0.0,-0.1669,0.449
5406.024,51.676,-0.0982,-0.1356,0.3567,-43.99,0.15,0.0,-0.1205,0.448
5406.124,51.788,-0.0994,-0.137,0.3567,-44.63,0.09,0.0,-0.1106,0.448
5406.225,51.889,-0.1032,-0.1375,0.3584,-45.5,0.22,0.0,-0.1194,0.448
5406.327,51.986,-0.1052,-0.1379,0.3587,-45.93,0.2,0.0,-0.1196,0.448
5406.426,52.082,-0.1052,-0.1375,0.3595,-46.33,0.14,0.0008,-0.1066,0.448
5406.526,52.19,-0.104,-0.1377,0.3582,-46.98,0.15,0.0036,-0.1021,0.448
5406.63,52.29,-0.1032,-0.1378,0.3594,-47.67,0.25,0.0007,-0.1074,0.448
5406.731,52.399,-0.1024,-0.1378,0.3593,-48.17,0.14,0.0019,-0.1216,0.448
5406.824,52.497,-0.1012,-0.1376,0.3588,-48.44,0.17,0.0004,-0.1087,0.448
5406.924,52.598,-0.1009,-0.1353,0.3586,-49.09,0.19,0.0013,-0.1236,0.448
5407.028,52.694,-0.1008,-0.1352,0.3581,-49.81,0.18,0.0013,-0.1236,0.448
5407.134,52.808,-0.1015,-0.1353,0.3591,-50.54,0.18,0.0003,-0.1642,0.448
5407.224,52.893,-0.1019,-0.1362,0.3605,-50.91,0.07,0.0,-0.151,0.448
5407.326,52.996,-0.1024,-0.1361,0.3605,-51.77,0.14,0.0056,-0.1327,0.448
5407.424,53.097,-0.1034,-0.1364,0.3606,-52.36,0.1,0.0009,-0.111,0.448
5407.524,53.19,-0.1056,-0.1378,0.3614,-53.24,0.2,0.0005,-0.151,0.449
5407.624,53.29,-0.1088,-0.1378,0.3609,-53.87,0.27,0.0,-0.1233,0.452
5407.725,53.394,-0.1092,-0.1387,0.3592,-54.5,0.26,0.002,-0.1129,0.452
5407.831,53.501,-0.1087,-0.1387,0.3593,-55.06,0.2,0.0011,-0.0887,0.449
5407.924,53.596,-0.1078,-0.1397,0.3592,-55.76,0.22,0.0003,-0.0747,0.449
5408.026,53.697,-0.1073,-0.1382,0.3598,-56.26,0.21,0.0014,-0.0546,0.454
5408.124,53.808,-0.1058,-0.137,0.3593,-56.44,0.18,0.0002,-0.0497,0.452
5408.23,53.904,-0.105,-0.1343,0.3599,-56.53,0.35,0.0001,-0.0543,0.453
5408.325,54.007,-0.1033,-0.1303,0.354,-56.96,0.32,0.0,-0.0683,0.453
5408.427,54.113,-0.1023,-0.1302,0.3547,-57.4,0.39,0.0021,-0.0723,0.448
5408.525,54.218,-0.1012,-0.1334,0.354,-57.62,0.24,0.0003,-0.0544,0.449
5408.624,54.314,-0.1008,-0.1362,0.3553,-57.87,0.24,0.0017,-0.0419,0.453
5408.725,54.402,-0.1017,-0.1381,0.3553,-58.04,0.15,0.0008,-0.0381,0.449
5408.825,54.525,-0.1038,-0.142,0.3547,-58.5,0.24,0.0003,-0.0469,0.451
5408.924,54.611,-0.1061,-0.1421,0.3559,-58.72,0.25,0.0,-0.045,0.449
5409.036,54.713,-0.1087,-0.1417,0.3539,-58.78,0.36,0.0,-0.0219,0.452
5409.14,54.817,-0.1098,-0.1401,0.3551,-58.86,0.18,0.0,-0.008,0.454
5409.237,54.913,-0.1106,-0.1397,0.357,-58.9,0.24,0.0,0.0128,0.455
5409.324,55.02,-0.1121,-0.1383,0.3585,-59.14,0.24,0.006,-0.0073,0.45
5409.426,55.114,-0.1131,-0.1378,0.3567,-59.1,0.12,0.001,0.0013,0.45
5409.525,55.221,-0.1118,-0.1377,0.3571,-58.94,0.11,0.0027,0.0045,0.451
5409.625,55.309,-0.1089,-0.1365,0.3568,-58.92,0.28,0.0108,-0.0232,0.45
5409.731,55.413,-0.1063,-0.1384,0.3569,-59.26,0.35,0.0019,-0.0307,0.449
5409.825,55.51,-0.1034,-0.1403,0.3581,-59.43,0.42,0.0007,-0.0418,0.449
5409.941,55.62,-0.1016,-0.1417,0.358,-59.37,0.4,0.0,-0.0194,0.452
5410.024,55.713,-0.1029,-0.14,0.3587,-59.51,0.32,0.0009,-0.0283,0.452
5410.13,55.818,-0.1049,-0.1388,0.3577,-59.73,0.16,0.0,-0.0373,0.452
5410.236,55.915,-0.1082,-0.1381,0.3587,-60.0,0.14,0.0001,-0.0564,0.453
5410.329,56.024,-0.1115,-0.1389,0.3573,-60.16,0.19,0.0,-0.0661,0.452
5410.424,56.106,-0.1122,-0.14,0.3574,-60.28,0.27,0.009,-0.0626,0.452
5410.533,56.212,-0.1119,-0.1423,0.3577,-60.63,0.21,0.0114,-0.0765,0.448
5410.626,56.315,-0.1111,-0.1455,0.3585,-61.2,0.28,0.0027,-0.0575,0.448
5410.725,56.415,-0.11,-0.1455,0.3587,-61.51,0.2,0.0003,-0.0533,0.454
5410.825,56.514,-0.1085,-0.1451,0.3565,-61.63,0.24,0.0,-0.0193,0.448
5410.924,56.619,-0.108,-0.1415,0.3573,-61.71,0.37,0.0089,-0.0392,0.451
5411.026,56.721,-0.1085,-0.1379,0.3578,-61.96,0.17,0.0015,-0.0301,0.452
5411.13,56.815,-0.11,-0.1373,0.3588,-62.26,0.13,0.001,-0.0507,0.45
5411.225,56.916,-0.112,-0.1381,0.3578,-62.43,0.1,0.0,-0.0646,0.449
5411.325,57.011,-0.1116,-0.1398,0.3578,-62.53,0.16,0.0,-0.0788,0.448
5411.425,57.118,-0.111,-0.1414,0.3576,-62.98,0.11,0.0,-0.0892,0.453
5411.524,57.21,-0.1109,-0.143,0.358,-63.46,0.19,0.0,-0.0492,0.453
5411.624,57.323,-0.1108,-0.1427,0.3582,-63.87,0.16,0.0033,-0.0247,0.449
5411.725,57.413,-0.11,-0.1424,0.3567,-63.87,0.16,0.0057,-0.04,0.452
5411.824,57.515,-0.1095,-0.1396,0.3574,-63.94,0.33,0.0013,-0.029,0.452
5411.927,57.623,-0.1086,-0.1374,0.3568,-64.27,0.29,0.0003,0.0071,0.452
5412.024,57.721,-0.1086,-0.1375,0.3579,-64.47,0.26,0.0,0.0078,0.451
5412.124,57.819,-0.1088,-0.1385,0.3577,-64.48,0.14,0.0,0.0311,0.45
5412.226,57.937,-0.1082,-0.139,0.3585,-64.34,0.19,0.0,0.0337,0.454
5412.325,58.033,-0.1074,-0.1389,0.3587,-64.23,0.21,0.0,0.0155,0.449
5412.426,58.127,-0.1073,-0.1396,0.3589,-64.42,0.22,0.001,-0.018,0.448
5412.527,58.226,-0.1074,-0.14,0.359,-64.46,0.22,0.0002,-0.027,0.454
5412.626,58.33,-0.1075,-0.1401,0.3591,-64.48,0.22,0.0024,-0.0377,0.451
5412.727,58.429,-0.1075,-0.1402,0.3591,-64.53,0.22,0.0003,-0.0426,0.45
5412.826,58.536,-0.1078,-0.1415,0.3579,-64.8,0.18,0.0002,-0.0462,0.448
5412.925,58.629,-0.1084,-0.1418,0.3586,-65.16,0.2,0.0,-0.0657,0.454
5413.024,58.737,-0.1081,-0.1429,0.3571,-65.31,0.12,0.0,-0.0695,0.454
5413.124,58.825,-0.1072,-0.1429,0.3577,-65.49,0.17,0.0,-0.0903,0.452
5413.226,58.94,-0.1052,-0.1426,0.3563,-65.99,0.15,0.0001,-0.078,0.451
5413.325,59.024,-0.104,-0.1433,0.3571,-66.49,0.29,0.0,-0.089,0.45
5413.426,59.13,-0.1031,-0.1441,0.3569,-66.88,0.2,0.0,-0.1069,0.451
5413.524,59.222,-0.1023,-0.1447,0.3561,-67.2,0.22,0.0,-0.1036,0.453
5413.625,59.323,-0.1025,-0.1424,0.3564,-67.81,0.23,0.0,-0.0981,0.449
5413.724,59.428,-0.1034,-0.1423,0.3556,-68.27,0.1,0.0,-0.088,0.45
5413.836,59.535,-0.1062,-0.1418,0.3573,-68.96,0.13,0.0,-0.0944,0.448
5413.925,59.626,-0.1081,-0.1422,0.3571,-69.21,0.14,0.0014,-0.0965,0.448
5414.031,59.734,-0.1087,-0.143,0.3581,-69.57,0.17,0.0002,-0.0847,0.455
5414.126,59.84,-0.1086,-0.1443,0.3574,-70.03,0.15,0.0049,-0.0815,0.455
5414.226,59.926,-0.1089,-0.1456,0.3582,-70.59,0.22,0.0007,-0.0971,0.449
5414.324,60.023,-0.1093,-0.1456,0.3586,-71.04,0.14,0.0026,-0.1109,0.45
5414.425,60.126,-0.1084,-0.1456,0.3579,-71.43,0.12,0.004,-0.0748,0.454
5414.524,60.228,-0.1075,-0.1442,0.3581,-71.67,0.18,0.0008,-0.0632,0.449
5414.626,60.329,-0.1067,-0.1443,0.3586,-72.35,0.15,0.0001,-0.0439,0.449
5414.725,60.43,-0.1066,-0.1438,0.3596,-72.58,0.22,0.0,-0.0636,0.449
5414.827,60.532,-0.1062,-0.1432,0.36,-72.88,0.17,0.0,-0.0769,0.45
5414.926,60.626,-0.1055,-0.1416,0.3605,-72.99,0.27,0.0,-0.061,0.454
5415.025,60.733,-0.1049,-0.1389,0.3593,-73.43,0.22,0.0003,-0.0296,0.456
5415.124,60.825,-0.1059,-0.1393,0.3596,-73.79,0.2,0.0001,-0.0528,0.449
5415.227,60.934,-0.1077,-0.1401,0.3598,-74.04,0.13,0.0,-0.0462,0.451
5415.327,61.031,-0.1079,-0.1415,0.3592,-74.1,0.17,0.0,-0.0572,0.448
5415.433,61.149,-0.1085,-0.1423,0.3599,-74.34,0.2,0.0,-0.0731,0.45
5415.524,61.231,-0.1091,-0.1437,0.3595,-74.73,0.18,0.0,-0.0821,0.45
5415.625,61.339,-0.11,-0.1428,0.3605,-75.31,0.2,0.0,-0.0744,0.452
5415.724,61.437,-0.1101,-0.1414,0.3616,-75.6,0.11,0.0,-0.0694,0.449
5415.825,61.539,-0.1091,-0.1386,0.3619,-75.79,0.23,0.0,-0.0305,0.449
5415.925,61.63,-0.1078,-0.1363,0.3603,-75.99,0.27,0.0,-0.0338,0.448
5416.036,61.74,-0.1074,-0.1361,0.3595,-76.38,0.28,0.0,-0.0533,0.45
5416.127,61.834,-0.1078,-0.1369,0.3594,-76.62,0.18,0.0,-0.0721,0.45
5416.228,61.934,-0.1073,-0.1384,0.3589,-76.71,0.2,0.0,-0.0659,0.449
5416.325,62.029,-0.1073,-0.1385,0.3592,-76.98,0.21,0.0,-0.0873,0.449
5416.427,62.13,-0.1081,-0.1399,0.3583,-77.5,0.14,0.007,-0.1006,0.449
5416.525,62.227,-0.1094,-0.14,0.3596,-78.11,0.2,0.0038,-0.1091,0.453
5416.626,62.338,-0.1104,-0.14,0.36,-78.68,0.12,0.0017,-0.1016,0.448
5416.726,62.426,-0.1103,-0.1393,0.3604,-78.94,0.17,0.0,-0.0937,0.448
5416.824,62.544,-0.1099,-0.1382,0.3592,-79.4,0.12,0.0,-0.0648,0.45
5416.924,62.629,-0.1103,-0.1382,0.3589,-79.97,0.19,0.0024,-0.0699,0.448
5417.025,62.734,-0.1114,-0.1376,0.3587,-80.37,0.12,0.0022,-0.1014,0.451
5417.124,62.844,-0.1111,-0.1384,0.3579,-80.54,0.13,0.0005,-0.0965,0.45
5417.225,62.933,-0.1102,-0.138,0.3582,-80.96,0.17,0.0,-0.0989,0.452
5417.324,63.033,-0.1089,-0.1392,0.3569,-81.67,0.22,0.0023,-0.0635,0.451
5417.424,63.141,-0.1081,-0.1394,0.3582,-82.07,0.32,0.0003,-0.0726,0.452
5417.524,63.246,-0.1071,-0.1402,0.3572,-82.36,0.24,0.0002,-0.0879,0.451
5417.642,63.347,-0.1064,-0.1383,0.3581,-82.64,0.29,0.0008,-0.1078,0.448
5417.724,63.435,-0.1061,-0.1364,0.3579,-83.03,0.23,0.0001,-0.1478,0.448
5417.832,63.545,-0.1081,-0.1362,0.3589,-84.0,0.19,0.0,-0.1497,0.451
5417.928,63.65,-0.1107,-0.1368,0.3565,-84.68,0.1,0.0033,-0.1681,0.452
5418.024,63.744,-0.1125,-0.1386,0.355,-85.31,0.25,0.0139,-0.1186,0.452
5418.124,63.84,-0.1136,-0.1404,0.3557,-85.84,0.22,0.0026,-0.0999,0.449
5418.228,63.95,-0.1147,-0.1443,0.357,-86.67,0.24,0.001,-0.0842,0.449
5418.325,64.053,-0.1135,-0.1437,0.3585,-87.16,0.24,0.0,-0.0936,0.45
5418.425,64.139,-0.1115,-0.1421,0.3579,-87.45,0.2,0.0045,-0.1023,0.452
5418.526,64.259,-0.1085,-0.1376,0.3584,-87.86,0.46,0.0011,-0.1095,0.451
5418.627,64.345,-0.1062,-0.134,0.3589,-88.21,0.38,0.0024,-0.0886,0.448
5418.725,64.444,-0.1065,-0.133,0.3597,-89.03,0.26,0.0001,-0.0852,0.451
5418.827,64.552,-0.1083,-0.1343,0.3589,-89.48,0.12,0.0001,-0.1061,0.453
5418.926,64.652,-0.1094,-0.1369,0.3589,-89.82,0.2,0.0,-0.103,0.452
5419.03,64.747,-0.1106,-0.1388,0.3595,-90.3,0.22,0.0,-0.0937,0.451
5419.125,64.852,-0.1123,-0.1411,0.3597,-90.98,0.22,0.0,-0.0644,0.451
5419.226,64.945,-0.1123,-0.1402,0.3603,-91.42,0.21,0.0,-0.0573,0.454
5419.325,65.061,-0.1119,-0.1392,0.3597,-91.56,0.13,0.0,-0.0495,0.451
5419.425,65.154,-0.1099,-0.1349,0.3598,-91.71,0.27,0.0,-0.0711,0.451
5419.527,65.259,-0.1086,-0.1325,0.3588,-92.21,0.18,0.0,-0.0582,0.449
5419.627,65.358,-0.1091,-0.1314,0.3595,-92.61,0.19,0.0,-0.0623,0.449
5419.725,65.464,-0.1106,-0.132,0.3585,-92.8,0.09,0.0001,-0.0468,0.45
5419.824,65.563,-0.1106,-0.1338,0.3585,-92.88,0.18,0.0,-0.0345,0.451
5419.924,65.659,-0.1104,-0.1355,0.3587,-93.04,0.19,0.0,-0.0625,0.452
5420.027,65.757,-0.1105,-0.1389,0.3585,-93.52,0.28,0.0,-0.0685,0.448
5420.127,65.859,-0.109,-0.1393,0.3594,-93.9,0.33,0.0032,-0.0651,0.45
5420.224,65.956,-0.1079,-0.1387,0.3587,-94.08,0.33,0.0005,-0.0726,0.449
5420.328,66.059,-0.1065,-0.1343,0.3588,-94.35,0.39,0.0003,-0.0665,0.449
5420.429,66.16,-0.1063,-0.131,0.3585,-94.77,0.18,0.0,-0.0711,0.451
5420.525,66.25,-0.1088,-0.1291,0.3596,-95.27,0.11,0.0,-0.0715,0.451
5420.641,66.364,-0.1125,-0.129,0.3586,-95.59,0.19,0.0,-0.0905,0.454
5420.726,66.463,-0.1143,-0.1317,0.3589,-95.87,0.33,0.0,-0.1127,0.454
5420.827,66.557,-0.1155,-0.1345,0.3585,-96.26,0.27,0.0,-0.1084,0.451
5420.927,66.668,-0.1161,-0.139,0.358,-97.05,0.3,0.0,-0.0924,0.451
5421.024,66.762,-0.1134,-0.1388,0.3591,-97.58,0.32,0.0,-0.118,0.45
5421.126,66.864,-0.1105,-0.1363,0.3582,-97.92,0.31,0.0,-0.1036,0.451
5421.228,66.962,-0.1063,-0.1298,0.358,-98.37,0.57,0.0,-0.0942,0.449
5421.324,67.068,-0.1036,-0.1255,0.3581,-98.78,0.41,0.0,-0.0651,0.452
5421.424,67.162,-0.1044,-0.1235,0.3588,-99.42,0.23,0.0,-0.072,0.448
5421.526,67.26,-0.109,-0.1248,0.3571,-99.75,0.11,0.0003,-0.0826,0.451
5421.625,67.362,-0.1116,-0.128,0.3575,-99.91,0.32,0.0016,-0.0815,0.454
5421.725,67.467,-0.1154,-0.1337,0.3588,-100.44,0.38,0.0033,-0.0683,0.45
5421.824,67.565,-0.117,-0.1373,0.36,-100.94,0.34,0.0026,-0.0591,0.452
5421.936,67.677,-0.1147,-0.1369,0.3605,-101.26,0.26,0.0047,-0.065,0.458
5422.03,67.779,-0.1122,-0.1354,0.359,-101.38,0.24,0.0007,-0.0395,0.448
5422.124,67.869,-0.1066,-0.1282,0.3587,-101.57,0.55,0.0017,-0.0679,0.448
5422.232,67.98,-0.1041,-0.1234,0.3577,-101.87,0.31,0.0,-0.0386,0.452
5422.326,68.072,-0.1061,-0.1212,0.3585,-102.23,0.03,0.0,-0.0282,0.452
5422.426,68.175,-0.1099,-0.1224,0.3575,-102.34,0.1,0.0,-0.0555,0.448
5422.524,68.275,-0.1123,-0.1268,0.3591,-102.37,0.33,0.0,-0.0555,0.449
5422.624,68.37,-0.1141,-0.1312,0.3593,-102.59,0.31,0.0029,-0.0528,0.453
5422.727,68.475,-0.1153,-0.1374,0.3604,-103.08,0.36,0.0048,-0.064,0.452
5422.824,68.576,-0.1129,-0.139,0.3607,-103.32,0.43,0.0048,-0.064,0.457
5422.927,68.678,-0.1088,-0.1371,0.3596,-103.5,0.42,0.0017,-0.0409,0.449
5423.024,68.784,-0.1051,-0.1316,0.3595,-103.64,0.63,0.0002,-0.0342,0.449
5423.126,68.877,-0.1011,-0.1241,0.3613,-103.79,0.38,0.0,-0.0405,0.449
5423.237,68.98,-0.1035,-0.121,0.3618,-104.16,0.04,0.0,-0.0154,0.451
5423.324,69.082,-0.1083,-0.1213,0.3594,-104.25,0.13,0.0,-0.0341,0.451
5423.424,69.177,-0.112,-0.1248,0.3601,-104.16,0.41,0.0024,-0.0136,0.45
5423.525,69.282,-0.1155,-0.1301,0.3598,-104.26,0.38,0.0037,0.0048,0.448
5423.624,69.38,-0.117,-0.1341,0.3605,-104.44,0.37,0.0037,0.0048,0.448
5423.726,69.476,-0.1146,-0.1351,0.3595,-104.42,0.24,0.0045,-0.0008,0.449
5423.826,69.57,-0.1108,-0.1343,0.358,-104.25,0.38,0.0008,-0.008,0.448
5423.924,69.684,-0.1051,-0.1307,0.3582,-104.15,0.71,0.0,-0.0046,0.448
5424.024,69.783,-0.1032,-0.1302,0.3582,-104.33,0.53,0.0,-0.0097,0.449
5424.128,69.878,-0.1062,-0.1325,0.359,-104.36,0.27,0.0,-0.0097,0.453
5424.226,69.982,-0.1091,-0.1352,0.36,-104.38,0.29,0.0,-0.0052,0.45
5424.328,70.083,-0.1104,-0.1364,0.3604,-104.38,0.35,0.0,-0.0052,0.451
5424.424,70.179,-0.1104,-0.1364,0.3604,-104.38,0.36,0.0,-0.023,0.451
5424.524,70.296,-0.1104,-0.1364,0.3604,-104.38,0.35,0.0,-0.0529,0.45
5424.634,70.382,-0.1104,-0.1365,0.3602,-104.43,0.28,0.0,-0.0529,0.451
5424.744,70.493,-0.1087,-0.1369,0.3588,-104.57,0.21,0.0,-0.0469,0.452
5424.836,70.587,-0.1049,-0.1358,0.3583,-104.76,0.46,0.0,-0.0363,0.448
5424.936,70.688,-0.1036,-0.1369,0.3571,-105.12,0.4,0.0,-0.0316,0.454
5425.025,70.789,-0.1032,-0.1383,0.3581,-105.34,0.45,0.0,-0.0329,0.454
5425.135,70.887,-0.1038,-0.1412,0.3579,-105.44,0.34,0.0,-0.0337,0.454
5425.226,70.987,-0.104,-0.1412,0.3589,-105.46,0.31,0.0,-0.0359,0.454
5425.324,71.082,-0.1041,-0.1408,0.3575,-105.64,0.22,0.0,-0.0305,0.452
5425.433,71.195,-0.1056,-0.1406,0.3572,-105.98,0.19,0.0,-0.043,0.449
5425.524,71.296,-0.1078,-0.1394,0.3569,-106.24,0.14,0.0,-0.0533,0.449
5425.626,71.394,-0.1087,-0.1394,0.3566,-106.3,0.23,0.0,-0.0512,0.457
5425.727,71.496,-0.1089,-0.1392,0.3573,-106.52,0.17,0.0,-0.0468,0.449
5425.824,71.604,-0.1096,-0.1397,0.3574,-106.99,0.19,0.0,-0.0468,0.448
5425.934,71.696,-0.1092,-0.1384,0.3583,-107.29,0.17,0.0,-0.0501,0.451
5426.038,71.799,-0.1085,-0.1378,0.3578,-107.39,0.09,0.0,-0.0466,0.45
5426.125,71.893,-0.1062,-0.1364,0.3587,-107.49,0.26,0.0,-0.0206,0.45
5426.227,71.996,-0.1046,-0.136,0.3581,-107.74,0.24,0.0001,-0.0168,0.448
5426.325,72.103,-0.1048,-0.1366,0.359,-107.99,0.3,0.0,0.0168,0.452
5426.427,72.196,-0.1054,-0.1373,0.3593,-108.09,0.18,0.0,0.0248,0.45
5426.526,72.295,-0.1056,-0.1379,0.3595,-107.99,0.21,0.0035,0.0435,0.451
5426.624,72.399,-0.105,-0.1376,0.3599,-107.89,0.23,0.0006,0.0391,0.45
5426.725,72.49,-0.1057,-0.1388,0.3591,-107.87,0.2,0.0035,0.0382,0.453
5426.833,72.599,-0.1054,-0.1387,0.3596,-107.77,0.25,0.0003,0.0081,0.453
5426.927,72.697,-0.1048,-0.139,0.362,-107.56,0.19,0.0002,0.0289,0.453
5427.027,72.795,-0.1028,-0.1378,0.3624,-107.33,0.31,0.0,0.0427,0.448
5427.124,72.899,-0.1011,-0.1374,0.3592,-107.24,0.31,0.0,0.0618,0.45
5427.226,72.998,-0.1014,-0.138,0.3591,-107.14,0.35,0.0,0.045,0.45
5427.325,73.1,-0.1025,-0.1389,0.3592,-106.87,0.25,0.0,0.0405,0.451
5427.424,73.201,-0.1031,-0.1398,0.3598,-106.45,0.26,0.0,0.037,0.453
5427.524,73.291,-0.1036,-0.1396,0.3597,-106.24,0.21,0.0,0.0335,0.448
5427.625,73.393,-0.105,-0.1401,0.3588,-106.23,0.16,0.0,0.0374,0.449
5427.726,73.507,-0.1057,-0.1388,0.3593,-106.15,0.2,0.0,0.0387,0.455
5427.824,73.6,-0.1061,-0.1383,0.3606,-105.89,0.11,0.0,0.0289,0.45
5427.926,73.704,-0.105,-0.1368,0.3613,-105.51,0.19,0.0,0.043,0.45
5428.025,73.806,-0.1045,-0.1363,0.3605,-105.42,0.17,0.0,0.0545,0.452
5428.126,73.9,-0.1051,-0.1361,0.3604,-105.32,0.22,0.0,0.0591,0.451
5428.227,74.013,-0.1057,-0.136,0.3602,-105.01,0.14,0.0039,0.048,0.448
5428.327,74.099,-0.1051,-0.1367,0.3606,-104.57,0.23,0.0007,0.0495,0.452
5428.425,74.214,-0.1037,-0.1369,0.36,-104.32,0.3,0.0003,0.0581,0.449
5428.524,74.303,-0.1038,-0.1388,0.3588,-104.22,0.33,0.0002,0.0511,0.448
5428.625,74.398,-0.1033,-0.1396,0.3591,-104.06,0.41,0.0,0.0297,0.453
5428.724,74.51,-0.1028,-0.1404,0.359,-103.75,0.34,0.0,0.0263,0.449
5428.826,74.608,-0.1017,-0.1372,0.3597,-103.43,0.32,0.0,0.0284,0.448
5428.943,74.716,-0.1017,-0.1348,0.3592,-103.37,0.18,0.0,0.0298,0.454
5429.026,74.808,-0.1038,-0.1329,0.3597,-103.38,0.14,0.0,0.0265,0.454
5429.125,74.909,-0.107,-0.132,0.3583,-103.17,0.18,0.0,0.026,0.448
5429.224,75.007,-0.1086,-0.1337,0.3588,-102.9,0.28,0.0,0.0221,0.451
5429.325,75.11,-0.1096,-0.1356,0.3588,-102.76,0.27,0.0,0.0314,0.448
5429.424,75.199,-0.1103,-0.1389,0.3584,-102.8,0.27,0.0,0.0231,0.45
5429.527,75.309,-0.1082,-0.139,0.3587,-102.7,0.3,0.0,0.0548,0.456
5429.624,75.405,-0.1064,-0.1382,0.3578,-102.49,0.3,0.0,0.0532,0.455
5429.735,75.511,-0.1021,-0.1329,0.3584,-102.07,0.54,0.0,0.0754,0.452
5429.835,75.612,-0.0996,-0.1295,0.3574,-101.85,0.41,0.0,0.0565,0.449
5429.924,75.704,-0.1008,-0.1287,0.358,-101.69,0.24,0.0,0.0282,0.449
5430.027,75.811,-0.1037,-0.1302,0.3577,-101.38,0.13,0.0,0.031,0.449
5430.125,75.917,-0.1058,-0.1331,0.359,-101.05,0.27,0.0,0.0303,0.457
5430.225,76.014,-0.1081,-0.1362,0.3586,-100.92,0.25,0.0,0.0481,0.45
5430.326,76.104,-0.1099,-0.1389,0.3586,-100.9,0.29,0.0029,0.009,0.452
5430.427,76.218,-0.109,-0.1383,0.3588,-100.78,0.22,0.0,-0.0115,0.457
5430.525,76.303,-0.1078,-0.1372,0.3578,-100.62,0.14,0.0,-0.0176,0.45
5430.624,76.404,-0.1049,-0.1339,0.3584,-100.51,0.38,0.0,-0.0112,0.452
5430.729,76.518,-0.102,-0.1319,0.3583,-100.55,0.42,0.0,-0.0076,0.45
5430.824,76.61,-0.1034,-0.1335,0.3585,-100.59,0.29,0.0016,0.0038,0.45
5430.924,76.727,-0.1058,-0.137,0.3594,-100.63,0.27,0.0003,-0.0158,0.449
5431.026,76.82,-0.1067,-0.1386,0.3598,-100.64,0.34,0.0001,-0.009,0.456
5431.126,76.914,-0.1067,-0.1387,0.3598,-100.64,0.34,0.0,0.007,0.449
5431.226,77.013,-0.1067,-0.1387,0.3598,-100.64,0.34,0.0035,0.0291,0.45
5431.326,77.107,-0.1067,-0.1388,0.3598,-100.61,0.32,0.0006,0.0241,0.45
5431.426,77.213,-0.1054,-0.1394,0.3586,-100.36,0.22,0.0003,0.0257,0.448
5431.528,77.313,-0.1023,-0.1384,0.3587,-100.18,0.44,0.0,0.0657,0.449
5431.624,77.404,-0.101,-0.1391,0.3588,-100.0,0.36,0.0,0.0548,0.45
5431.725,77.504,-0.101,-0.1403,0.3595,-99.91,0.41,0.0,0.0511,0.449
5431.825,77.612,-0.1012,-0.1422,0.3587,-99.62,0.31,0.0,0.0291,0.452
5431.929,77.716,-0.101,-0.143,0.3589,-99.22,0.31,0.0,0.0086,0.448
5432.024,77.816,-0.1007,-0.1418,0.3578,-99.09,0.25,0.0,0.007,0.448
5432.126,77.915,-0.1018,-0.1417,0.3558,-99.2,0.18,0.0,-0.0004,0.448
5432.225,78.015,-0.1032,-0.1408,0.3565,-99.28,0.16,0.0,-0.0026,0.448
5432.324,78.13,-0.1036,-0.1406,0.3567,-99.24,0.16,0.0,-0.0195,0.448
5432.428,78.228,-0.1035,-0.1409,0.3568,-99.24,0.17,0.0,-0.0182,0.449
5432.533,78.331,-0.1034,-0.1415,0.357,-99.23,0.19,0.0,-0.0254,0.452
5432.624,78.431,-0.1034,-0.1425,0.3573,-99.23,0.23,0.0,-0.0197,0.452
5432.725,78.524,-0.1033,-0.1432,0.3575,-99.23,0.26,0.0,-0.013,0.449
5432.825,78.622,-0.1033,-0.1434,0.3575,-99.23,0.27,0.0,0.0266,0.454
5432.924,78.725,-0.1033,-0.1434,0.3575,-99.23,0.27,0.0,0.0163,0.453
5433.026,78.823,-0.1033,-0.1434,0.3575,-99.23,0.27,0.0,-0.0056,0.453
5433.124,78.933,-0.1033,-0.1434,0.3575,-99.23,0.27,0.0035,-0.0198,0.453
5433.226,79.022,-0.1033,-0.1434,0.3575,-99.24,0.27,0.0006,-0.0018,0.453
5433.324,79.124,-0.1032,-0.1435,0.3575,-99.25,0.27,0.0003,-0.0012,0.453
5433.427,79.226,-0.1039,-0.1441,0.3565,-99.35,0.19,0.0,-0.0291,0.452
5433.528,79.333,-0.1043,-0.1426,0.3572,-99.43,0.21,0.0,-0.0314,0.456
5433.624,79.431,-0.1047,-0.1418,0.357,-99.39,0.21,0.0,-0.0206,0.449
5433.724,79.535,-0.1045,-0.1428,0.3574,-99.35,0.2,0.0,-0.0203,0.449
5433.824,79.636,-0.1042,-0.1438,0.3577,-99.33,0.23,0.0,0.0004,0.451
5433.924,79.728,-0.1041,-0.1443,0.3578,-99.33,0.25,0.0,-0.0153,0.449
5434.024,79.821,-0.1041,-0.1443,0.3578,-99.33,0.26,0.0,-0.002,0.456
5434.128,79.931,-0.1041,-0.1443,0.3578,-99.33,0.26,0.0,-0.0059,0.456
5434.226,80.035,-0.1041,-0.1443,0.3578,-99.33,0.26,0.0,-0.0014,0.456
5434.324,80.121,-0.1041,-0.1443,0.3578,-99.33,0.26,0.0,0.0074,0.456
5434.428,80.232,-0.1041,-0.1443,0.3578,-99.33,0.26,0.0,0.02,0.456
5434.524,80.324,-0.1041,-0.1443,0.3578,-99.33,0.26,0.0,0.0066,0.456
5434.624,80.435,-0.1041,-0.1443,0.3578,-99.33,0.26,0.0,0.0055,0.456
5434.724,80.535,-0.1041,-0.1443,0.3578,-99.33,0.26,0.0,0.0043,0.456
5434.825,80.648,-0.1041,-0.1443,0.3578,-99.33,0.26,0.0,0.0,0.456
5434.924,80.739,-0.1041,-0.1443,0.3578,-99.33,0.26,0.0,0.0,0.456
5435.026,80.839,-0.1041,-0.1443,0.3578,-99.33,0.26,0.0,0.0,0.456
5435.124,80.937,-0.1041,-0.1443,0.3578,-99.33,0.26,0.0,0.0,0.456
5435.225,81.038,-0.1041,-0.1443,0.3578,-99.33,0.26,0.0,0.0,0.456
5435.325,81.134,-0.1041,-0.1443,0.3578,-99.33,0.26,0.0,0.0,0.456
5435.424,81.235,-0.1041,-0.1443,0.3578,-99.33,0.26,0.0,0.0,0.456
5435.535,81.337,-0.1041,-0.1443,0.3578,-99.33,0.26,0.0,0.0,0.456
5435.626,81.442,-0.1041,-0.1443,0.3578,-99.33,0.26,0.0,-0.0052,0.456
5435.724,81.528,-0.1041,-0.1443,0.3578,-99.33,0.26,0.0,-0.0052,0.456
5435.837,81.642,-0.1041,-0.1443,0.3578,-99.33,0.26,0.0,0.0126,0.456
5435.924,81.751,-0.1041,-0.1443,0.3578,-99.33,0.26,0.0,-0.0252,0.456
5436.024,81.838,-0.1041,-0.1443,0.3578,-99.33,0.26,0.0,-0.0252,0.456
5436.124,81.944,-0.1041,-0.1443,0.3578,-99.33,0.26,0.0,-0.0263,0.456
5436.224,82.041,-0.1041,-0.1443,0.3578,-99.33,0.26,0.0,-0.0263,0.456
5436.325,82.136,-0.1041,-0.1443,0.3578,-99.34,0.26,0.0057,-0.0618,0.456
5436.424,82.245,-0.1043,-0.1449,0.3581,-99.6,0.25,0.0005,-0.072,0.45
5436.528,82.338,-0.1048,-0.1459,0.3574,-99.98,0.19,0.0005,-0.072,0.45
5436.625,82.443,-0.1059,-0.1462,0.3582,-100.5,0.24,0.0,-0.0795,0.451
5436.727,82.536,-0.1069,-0.1461,0.3576,-100.88,0.19,0.0,-0.0938,0.449
5436.826,82.636,-0.1063,-0.1474,0.3572,-101.16,0.18,0.0,-0.0978,0.453
5436.937,82.746,-0.1046,-0.1484,0.357,-101.54,0.18,0.0055,-0.0562,0.451
5437.036,82.852,-0.1036,-0.1512,0.3561,-102.03,0.26,0.0038,-0.0888,0.456
5437.138,82.95,-0.1017,-0.153,0.3574,-102.53,0.41,0.0,-0.0088,0.459
5437.226,83.039,-0.1003,-0.1543,0.3564,-102.61,0.38,0.0,0.0,0.459
5437.326,83.152,-0.0976,-0.1515,0.3575,-102.51,0.52,0.0,0.0,0.452
5437.432,83.249,-0.0961,-0.1483,0.3567,-102.53,0.33,0.0,-0.0065,0.449
5437.525,83.347,-0.0972,-0.146,0.3572,-102.62,0.06,0.0,-0.014,0.449
5437.626,83.453,-0.1002,-0.1449,0.3573,-102.58,0.22,0.0,-0.0176,0.456
5437.726,83.542,-0.1007,-0.1471,0.3579,-102.52,0.23,0.0,-0.0035,0.454
5437.824,83.66,-0.1003,-0.149,0.3585,-102.5,0.25,0.0,-0.0035,0.454
5437.927,83.752,-0.0997,-0.1503,0.3589,-102.48,0.3,0.0,0.0,0.45
5438.024,83.844,-0.0997,-0.1503,0.3589,-102.48,0.31,0.0,0.0,0.452
5438.131,83.953,-0.0997,-0.1503,0.3589,-102.48,0.31,0.0,0.08,0.451
5438.225,84.049,-0.0996,-0.1504,0.3589,-102.45,0.3,0.0,0.12,0.451
5438.334,84.153,-0.0996,-0.151,0.3577,-101.93,0.18,0.0,0.12,0.449
5438.434,84.254,-0.0999,-0.1504,0.3576,-101.37,0.2,0.0,0.12,0.448
5438.536,84.363,-0.1003,-0.1502,0.3567,-100.69,0.1,0.0,0.12,0.448
5438.624,84.458,-0.0987,-0.1516,0.3576,-99.93,0.21,0.0,0.12,0.448
5438.738,84.569,-0.096,-0.1529,0.3571,-99.37,0.29,0.0,0.12,0.449
5438.824,84.663,-0.0947,-0.1555,0.3554,-99.06,0.38,0.0,0.12,0.449
5438.942,84.765,-0.0921,-0.1586,0.3561,-98.42,0.56,0.0,0.04,0.448
5439.026,84.855,-0.091,-0.1598,0.3564,-97.93,0.49,0.0,0.0,0.448
5439.126,84.958,-0.0906,-0.1561,0.3575,-97.73,0.38,0.0,0.0,0.451
5439.224,85.048,-0.091,-0.153,0.3568,-97.79,0.21,0.0,0.0,0.452
5439.33,85.161,-0.0938,-0.1482,0.3574,-97.92,0.24,0.0,0.0,0.45
5439.426,85.263,-0.0972,-0.1459,0.357,-97.86,0.37,0.0,0.0,0.45
5439.529,85.358,-0.0968,-0.1486,0.3577,-97.81,0.25,0.0,0.0,0.454
5439.627,85.466,-0.0956,-0.1521,0.3588,-97.78,0.26,0.0,0.0,0.454
5439.725,85.562,-0.0949,-0.1538,0.3592,-97.76,0.35,0.0,0.0,0.454
5439.831,85.665,-0.0948,-0.1541,0.3593,-97.75,0.37,0.0,0.0,0.452
5439.931,85.772,-0.0948,-0.1541,0.3593,-97.75,0.37,0.0,0.0,0.452
5440.025,85.879,-0.0948,-0.1541,0.3594,-97.75,0.37,0.0,0.0,0.452
5440.127,85.966,-0.0948,-0.1541,0.3594,-97.75,0.37,0.0,0.0,0.452
5440.226,86.061,-0.0948,-0.1541,0.3594,-97.75,0.37,0.0,0.0,0.452
5440.326,86.172,-0.0948,-0.1541,0.3594,-97.75,0.37,0.0,0.0,0.452
5440.427,86.271,-0.0948,-0.1541,0.3594,-97.75,0.37,0.0,0.0,0.452
5440.531,86.368,-0.0948,-0.1541,0.3594,-97.75,0.37,0.0,0.0,0.452
5440.625,86.46,-0.0948,-0.1541,0.3594,-97.75,0.37,0.0,0.0,0.452
5440.724,86.561,-0.0948,-0.1541,0.3594,-97.75,0.37,0.0,0.0,0.452
5440.827,86.672,-0.0948,-0.1541,0.3594,-97.75,0.37,0.0,0.0,0.452
5440.925,86.776,-0.0948,-0.1541,0.3594,-97.75,0.37,0.0,0.0,0.452
5441.024,86.864,-0.0948,-0.1541,0.3594,-97.75,0.37,0.0,0.0,0.452
5441.125,86.983,-0.0948,-0.1541,0.3594,-97.75,0.37,0.0,0.0,0.452
5441.226,87.074,-0.0948,-0.1541,0.3594,-97.75,0.37,0.0,0.0,0.452
5441.324,87.174,-0.0948,-0.1541,0.3594,-97.75,0.37,0.0,0.0,0.452
5441.428,87.278,-0.0948,-0.1541,0.3594,-97.75,0.37,0.0,0.0,0.452
5441.524,87.372,-0.0948,-0.1541,0.3594,-97.75,0.37,0.0,0.0,0.452
5441.624,87.478,-0.0948,-0.1541,0.3594,-97.75,0.37,0.0,0.0,0.452
5441.724,87.573,-0.0948,-0.1541,0.3594,-97.75,0.37,0.0,0.0,0.452
5441.825,87.679,-0.0948,-0.1541,0.3594,-97.75,0.37,0.0,0.0,0.452
5441.936,87.78,-0.0948,-0.1541,0.3594,-97.75,0.37,0.0,0.0,0.452
5442.025,87.879,-0.0948,-0.1541,0.3594,-97.75,0.37,0.0,0.0,0.452
5442.124,87.985,-0.0948,-0.1541,0.3594,-97.75,0.37,0.0,0.0,0.452
5442.225,88.077,-0.0948,-0.1541,0.3594,-97.75,0.37,0.0,0.0,0.452
5442.329,88.183,-0.0948,-0.1541,0.3594,-97.75,0.37,0.0,0.0,0.452
5442.433,88.278,-0.0948,-0.1541,0.3594,-97.75,0.37,0.0,0.0,0.452
5442.524,88.373,-0.0948,-0.1541,0.3594,-97.75,0.37,0.0,0.0,0.452
5442.625,88.478,-0.0948,-0.1541,0.3594,-97.75,0.37,0.0,0.0,0.452
5442.729,88.581,-0.0948,-0.1541,0.3594,-97.75,0.37,0.0,0.0,0.452
5442.825,88.682,-0.0948,-0.1541,0.3594,-97.75,0.37,0.0,0.0,0.452
5442.935,88.78,-0.0948,-0.1541,0.3594,-97.75,0.37,0.0,0.0,0.452
5443.035,88.881,-0.0948,-0.1541,0.3594,-97.75,0.37,0.0,0.0,0.452
5443.126,88.98,-0.0948,-0.1541,0.3594,-97.75,0.37,0.0,0.0,0.452
5443.224,89.078,-0.0948,-0.1541,0.3594,-97.75,0.37,0.0,0.0,0.452
5443.336,89.187,-0.0948,-0.1541,0.3594,-97.75,0.37,0.0,0.0,0.452
5443.435,89.286,-0.0948,-0.1541,0.3594,-97.75,0.37,0.0,0.0,0.452
5443.531,89.391,-0.0948,-0.1541,0.3594,-97.75,0.37,0.0,0.0,0.452
5443.625,89.475,-0.0948,-0.1541,0.3594,-97.75,0.37,0.0,0.0,0.452
5443.735,89.581,-0.0948,-0.1541,0.3594,-97.75,0.37,0.0,0.0,0.452
5443.825,89.672,-0.0948,-0.1541,0.3594,-97.75,0.37,0.0,0.0,0.452
5443.939,89.785,-0.0948,-0.1541,0.3594,-97.75,0.37,0.0,0.0,0.452
5444.034,89.881,-0.0948,-0.1541,0.3594,-97.75,0.37,0.0,0.0,0.452
5444.125,89.986,-0.0948,-0.1541,0.3594,-97.75,0.37,0.0,0.0,0.452
5444.224,90.072,-0.0948,-0.1541,0.3594,-97.75,0.37,0.0,0.0,0.452
5444.324,90.181,-0.0948,-0.1541,0.3594,-97.75,0.37,0.0,0.0,0.452
5444.424,90.287,-0.0948,-0.1541,0.3594,-97.75,0.37,0.0,0.0,0.452
5444.524,90.379,-0.0948,-0.1541,0.3594,-97.75,0.37,0.0,0.0,0.452
5444.625,90.493,-0.0948,-0.1541,0.3594,-97.75,0.37,0.0,0.0,0.452
5444.724,90.585,-0.0948,-0.1541,0.3594,-97.75,0.37,0.0,0.0,0.452
5444.824,90.685,-0.0948,-0.1541,0.3594,-97.75,0.37,0.0,0.0,0.452
5444.925,90.793,-0.0948,-0.1541,0.3594,-97.75,0.37,0.0,0.0,0.452
5445.04,90.901,-0.0948,-0.1541,0.3594,-97.75,0.37,0.0,0.0,0.452
5445.127,90.993,-0.0948,-0.1541,0.3594,-97.75,0.37,0.0,0.0,0.452
5445.225,91.086,-0.0948,-0.1541,0.3594,-97.75,0.37,0.0,0.0,0.452
5445.325,91.194,-0.0948,-0.1541,0.3594,-97.75,0.37,0.0,0.0,0.452
5445.424,91.29,-0.0948,-0.1541,0.3594,-97.75,0.37,0.0,0.0,0.452
5445.526,91.393,-0.0948,-0.1541,0.3594,-97.75,0.37,0.0,0.0,0.452
5445.625,91.491,-0.0948,-0.1541,0.3594,-97.75,0.37,0.0,0.0,0.452
5445.724,91.6,-0.0948,-0.1541,0.3594,-97.75,0.37,0.0,0.0,0.452
5445.827,91.698,-0.0948,-0.1541,0.3594,-97.75,0.37,0.0,0.0,0.452
5445.936,91.801,-0.0948,-0.1541,0.3594,-97.75,0.37,0.0,0.0,0.452
5446.026,91.9,-0.0948,-0.1541,0.3594,-97.75,0.37,0.0,0.0,0.452
5446.126,91.998,-0.0948,-0.1541,0.3594,-97.75,0.37,0.0,0.0,0.452
5446.224,92.091,-0.0948,-0.1541,0.3594,-97.75,0.37,0.0,0.0,0.452
5446.328,92.193,-0.0948,-0.1541,0.3594,-97.75,0.37,0.0,0.0,0.452
5446.425,92.304,-0.0948,-0.1541,0.3594,-97.75,0.37,0.0,0.0,0.452
5446.526,92.396,-0.0948,-0.1541,0.3594,-97.75,0.37,0.0,0.0,0.452
5446.625,92.497,-0.0948,-0.1541,0.3594,-97.75,0.37,0.0,0.0,0.452
5446.725,92.603,-0.0948,-0.1541,0.3594,-97.75,0.37,0.0,0.0,0.452
5446.827,92.703,-0.0948,-0.1541,0.3594,-97.75,0.37,0.0,0.0,0.452
5446.925,92.807,-0.0948,-0.1541,0.3594,-97.75,0.37,0.0,0.0,0.452
5447.034,92.9,-0.0948,-0.1541,0.3594,-97.75,0.37,0.0,0.0,0.452
5447.125,93.0,-0.0948,-0.1541,0.3594,-97.75,0.37,0.0,0.0,0.452
5447.224,93.116,-0.0948,-0.1541,0.3594,-97.75,0.37,0.0,0.0,0.452
5447.324,93.211,-0.0948,-0.1541,0.3594,-97.75,0.37,0.0,0.0,0.452
5447.424,93.292,-0.0948,-0.1541,0.3594,-97.75,0.37,0.0,0.0,0.452
5447.525,93.413,-0.0948,-0.1541,0.3594,-97.75,0.37,0.0,0.0,0.452
5447.624,93.492,-0.0948,-0.1541,0.3594,-97.75,0.37,0.0,0.0,0.452
5447.749,93.617,-0.0948,-0.1541,0.3594,-97.75,0.37,0.0,0.0,0.452
5447.827,93.704,-0.0948,-0.1541,0.3594,-97.75,0.37,0.0,0.0,0.452
5447.924,93.793,-0.0948,-0.1541,0.3594,-97.75,0.37,0.0,0.0,0.452
5448.026,93.901,-0.0948,-0.1541,0.3594,-97.75,0.37,0.0,0.0,0.452
5448.124,94.009,-0.0948,-0.1541,0.3594,-97.75,0.37,0.0,0.0,0.452
5448.227,94.102,-0.0948,-0.1541,0.3594,-97.75,0.37,0.0,0.0,0.452
5448.325,94.205,-0.0948,-0.1541,0.3594,-97.75,0.37,0.0,0.0,0.452
5448.424,94.311,-0.0948,-0.1541,0.3594,-97.75,0.37,0.0,0.0,0.452
5448.527,94.399,-0.0948,-0.1541,0.3594,-97.75,0.37,0.0,0.0,0.452
5448.624,94.511,-0.0948,-0.1541,0.3594,-97.75,0.37,0.0,0.0,0.452
5448.736,94.607,-0.0948,-0.1541,0.3594,-97.75,0.37,0.0,0.0,0.452
5448.825,94.705,-0.0948,-0.1541,0.3594,-97.75,0.37,0.0,0.0,0.452
5448.925,94.806,-0.0948,-0.1541,0.3594,-97.75,0.37,0.0,0.0,0.452
5449.024,94.901,-0.0948,-0.1541,0.3594,-97.75,0.37,0.0,0.0,0.452
5449.133,95.007,-0.0948,-0.1541,0.3594,-97.75,0.37,0.0,0.0,0.452
5449.226,95.113,-0.0948,-0.1541,0.3594,-97.75,0.37,0.0,0.0,0.452
5449.324,95.202,-0.0948,-0.1541,0.3594,-97.75,0.37,0.0,0.0,0.452
5449.424,95.31,-0.0948,-0.1541,0.3594,-97.75,0.37,0.0,0.0,0.452
5449.526,95.407,-0.0948,-0.1541,0.3594,-97.75,0.37,0.0,0.0,0.452
5449.624,95.508,-0.0948,-0.1541,0.3594,-97.75,0.37,0.0,0.0,0.452
5449.732,95.612,-0.0948,-0.1541,0.3594,-97.75,0.37,0.0,0.0,0.452
5449.824,95.705,-0.0948,-0.1541,0.3594,-97.75,0.37,0.0,0.0,0.452
5449.929,95.805,-0.0948,-0.1541,0.3594,-97.75,0.37,0.0,0.0,0.452
5450.024,95.902,-0.0948,-0.1541,0.3594,-97.75,0.37,0.0,0.0,0.452
5450.129,96.009,-0.0948,-0.1541,0.3594,-97.75,0.37,0.0,0.0,0.452
5450.225,96.113,-0.0948,-0.1541,0.3594,-97.75,0.37,0.0,0.0,0.452
5450.332,96.221,-0.0948,-0.1541,0.3594,-97.75,0.37,0.0,0.0,0.452
5450.428,96.313,-0.0948,-0.1541,0.3594,-97.75,0.37,0.0,0.0,0.452
5450.525,96.414,-0.0948,-0.1541,0.3594,-97.75,0.37,0.0,0.0,0.452
5450.624,96.513,-0.0948,-0.1541,0.3594,-97.75,0.37,0.0,0.0,0.452
5450.724,96.603,-0.0948,-0.1541,0.3594,-97.75,0.37,0.0,0.0,0.452
5450.828,96.712,-0.0948,-0.1541,0.3594,-97.75,0.37,0.0,0.0,0.452
5450.924,96.808,-0.0948,-0.1541,0.3594,-97.75,0.37,0.0,0.0,0.452
5451.026,96.916,-0.0948,-0.1541,0.3594,-97.75,0.37,0.0,0.0,0.452
5451.125,97.008,-0.0948,-0.1541,0.3594,-97.75,0.37,0.0,0.0,0.452
5451.228,97.112,-0.0948,-0.1541,0.3594,-97.75,0.37,0.0,0.0,0.452
5451.324,97.211,-0.0948,-0.1541,0.3594,-97.75,0.37,0.0,0.0,0.452
5451.426,97.321,-0.0948,-0.1541,0.3594,-97.75,0.37,0.0,0.0,0.452
5451.524,97.42,-0.0948,-0.1541,0.3594,-97.75,0.37,0.0,0.0,0.452
5451.626,97.517,-0.0948,-0.1541,0.3594,-97.75,0.37,0.0,0.0,0.452
5451.726,97.625,-0.0948,-0.1541,0.3594,-97.75,0.37,0.0,0.0,0.452
5451.825,97.721,-0.0948,-0.1541,0.3594,-97.75,0.37,0.0,0.0,0.452
5451.927,97.821,-0.0948,-0.1541,0.3594,-97.75,0.37,0.0,0.0,0.452
5452.025,97.917,-0.0948,-0.1541,0.3594,-97.75,0.37,0.0,0.0,0.452
5452.125,98.021,-0.0948,-0.1541,0.3594,-97.75,0.37,0.0,0.0,0.452
5452.224,98.114,-0.0948,-0.1541,0.3594,-97.75,0.37,0.0,0.0,0.452
5452.325,98.218,-0.0948,-0.1541,0.3594,-97.75,0.37,0.0,0.0,0.452
5452.426,98.315,-0.0948,-0.1541,0.3594,-97.75,0.37,0.0,0.0,0.452
5452.526,98.42,-0.0948,-0.1541,0.3594,-97.75,0.37,0.0,0.0,0.452
5452.636,98.529,-0.0948,-0.1541,0.3594,-97.75,0.37,0.0,0.0,0.452
5452.727,98.622,-0.0948,-0.1541,0.3594,-97.75,0.37,0.0,0.0,0.452
5452.824,98.715,-0.0948,-0.1541,0.3594,-97.75,0.37,0.0,0.0,0.452
5452.934,98.832,-0.0948,-0.1541,0.3594,-97.75,0.37,0.0,0.0,0.452
5453.026,98.926,-0.0948,-0.1541,0.3594,-97.75,0.37,0.0,0.0,0.452
5453.125,99.025,-0.0948,-0.1541,0.3594,-97.75,0.37,0.0,0.0,0.452
5453.224,99.135,-0.0948,-0.1541,0.3594,-97.75,0.37,0.0,0.0,0.452
5453.326,99.228,-0.0948,-0.1541,0.3594,-97.75,0.37,0.0,0.0,0.452
5453.426,99.327,-0.0948,-0.1541,0.3594,-97.75,0.37,0.0,0.0,0.452
5453.524,99.421,-0.0948,-0.1541,0.3594,-97.75,0.37,0.0,0.0,0.452
5453.631,99.536,-0.0948,-0.1541,0.3594,-97.75,0.37,0.0,0.0,0.452
5453.724,99.625,-0.0948,-0.1541,0.3594,-97.75,0.37,0.0,0.0,0.452
5453.826,99.728,-0.0948,-0.1541,0.3594,-97.75,0.37,0.0,0.0,0.452
5453.927,99.834,-0.0948,-0.1541,0.3594,-97.75,0.37,0.0,0.0,0.452
5454.025,99.937,-0.0948,-0.1541,0.3594,-97.75,0.37,0.0,0.0,0.452
5454.139,100.039,-0.0948,-0.1541,0.3594,-97.75,0.37,0.0,0.0,0.452
5454.226,100.13,-0.0948,-0.1541,0.3594,-97.75,0.37,0.0,0.0,0.452
5454.328,100.237,-0.0948,-0.1541,0.3594,-97.75,0.37,0.0,0.0,0.452
5454.426,100.335,-0.0948,-0.1541,0.3594,-97.75,0.37,0.0,0.0,0.452
5454.526,100.433,-0.0948,-0.1541,0.3594,-97.75,0.37,0.0,0.0,0.452
5454.643,100.544,-0.0948,-0.1541,0.3594,-97.75,0.37,0.0,0.0,0.452
5454.724,100.634,-0.0948,-0.1541,0.3594,-97.75,0.37,0.0,0.0,0.452
5454.827,100.73,-0.0948,-0.1541,0.3594,-97.75,0.37,0.0,0.0,0.452
5454.925,100.836,-0.0948,-0.1541,0.3594,-97.75,0.37,0.0,0.0,0.452
5455.025,100.928,-0.0948,-0.1541,0.3594,-97.75,0.37,0.0,0.0,0.452
5455.125,101.037,-0.0948,-0.1541,0.3594,-97.75,0.37,0.0,0.0,0.452
5455.227,101.142,-0.0948,-0.1541,0.3594,-97.75,0.37,0.0,0.0,0.452
5455.326,101.236,-0.0948,-0.1541,0.3594,-97.75,0.37,0.0,0.0,0.452
5455.428,101.334,-0.0948,-0.1541,0.3594,-97.75,0.37,0.0,0.0,0.452
5455.524,101.435,-0.0948,-0.1541,0.3594,-97.75,0.37,0.0,0.0,0.452
5455.633,101.538,-0.0948,-0.1541,0.3594,-97.75,0.37,0.0,0.0,0.452
5455.727,101.643,-0.0948,-0.1541,0.3594,-97.75,0.37,0.0,0.0,0.452
5455.838,101.744,-0.0948,-0.1541,0.3594,-97.75,0.37,0.0,0.0,0.452
5455.925,101.84,-0.0948,-0.1541,0.3594,-97.75,0.37,0.0,0.0,0.452
5456.03,101.942,-0.0948,-0.1541,0.3594,-97.75,0.37,0.0,0.0,0.452
5456.135,102.045,-0.0948,-0.1541,0.3594,-97.75,0.37,0.0,0.0,0.452
5456.225,102.15,-0.0948,-0.1541,0.3594,-97.75,0.37,0.0,0.08,0.452
5456.326,102.25,-0.0947,-0.1541,0.3594,-97.73,0.36,0.0,0.12,0.453
5456.425,102.354,-0.0942,-0.1541,0.359,-97.3,0.28,0.0,0.12,0.453
5456.527,102.461,-0.0924,-0.1549,0.3591,-96.36,0.27,0.0,0.12,0.45
5456.624,102.564,-0.0908,-0.1553,0.358,-95.76,0.23,0.0,0.0,0.449
5456.729,102.66,-0.0901,-0.1569,0.3567,-95.58,0.32,0.0,0.0,0.449
5456.824,102.764,-0.0895,-0.1579,0.3572,-95.6,0.34,0.0,0.0,0.449
5456.934,102.86,-0.089,-0.1591,0.3567,-95.45,0.29,0.0,0.0,0.448
5457.024,102.962,-0.0882,-0.1577,0.3576,-95.37,0.33,0.0,0.0,0.448
5457.125,103.073,-0.0876,-0.157,0.3582,-95.42,0.29,0.0,0.0,0.449
5457.233,103.167,-0.0882,-0.158,0.3586,-95.46,0.26,0.0,0.0,0.455
5457.332,103.263,-0.0887,-0.1591,0.359,-95.47,0.27,0.0,0.0,0.455
5457.434,103.384,-0.0889,-0.1597,0.3592,-95.48,0.28,0.0,0.0,0.454
5457.524,103.463,-0.0889,-0.1597,0.3592,-95.48,0.28,0.0,0.0,0.454
5457.627,103.558,-0.0889,-0.1597,0.3592,-95.48,0.28,0.0,0.0,0.454
5457.725,103.672,-0.0889,-0.1597,0.3592,-95.48,0.28,0.0,0.0,0.454
5457.824,103.761,-0.0889,-0.1597,0.3592,-95.48,0.28,0.0,0.0,0.454
5457.934,103.87,-0.0889,-0.1597,0.3592,-95.48,0.28,0.0,0.0,0.454
5458.026,103.973,-0.0889,-0.1597,0.3592,-95.48,0.28,0.0,0.0,0.454
5458.124,104.081,-0.0889,-0.1597,0.3592,-95.48,0.28,0.0,0.0,0.454
5458.227,104.168,-0.0889,-0.1597,0.3592,-95.48,0.28,0.0,0.0,0.454
5458.324,104.262,-0.0889,-0.1597,0.3592,-95.48,0.28,0.0,0.0,0.454
5458.428,104.372,-0.0889,-0.1597,0.3592,-95.48,0.28,0.0,0.0,0.454
5458.524,104.471,-0.0889,-0.1597,0.3592,-95.48,0.28,0.0,0.0,0.454
5458.628,104.57,-0.0889,-0.1597,0.3592,-95.48,0.28,0.0,0.0,0.454
5458.727,104.668,-0.0889,-0.1597,0.3592,-95.48,0.28,0.0,0.0,0.454
5458.827,104.763,-0.0889,-0.1597,0.3592,-95.48,0.28,0.0,0.0,0.454
5458.926,104.871,-0.0889,-0.1597,0.3592,-95.48,0.28,0.0,0.0,0.454
5459.025,104.969,-0.0889,-0.1597,0.3592,-95.48,0.28,0.0,0.0,0.454
5459.124,105.065,-0.0889,-0.1597,0.3592,-95.48,0.28,0.0,0.0,0.454
5459.224,105.164,-0.0889,-0.1597,0.3592,-95.48,0.28,0.0,0.0,0.454
5459.324,105.26,-0.0889,-0.1597,0.3592,-95.48,0.28,0.0,0.0,0.454
5459.426,105.372,-0.0889,-0.1597,0.3592,-95.48,0.28,0.0,0.0,0.454
5459.524,105.46,-0.0889,-0.1597,0.3592,-95.48,0.28,0.0,0.0,0.454
5459.626,105.566,-0.0889,-0.1597,0.3592,-95.48,0.28,0.0,0.0,0.454
5459.725,105.673,-0.0889,-0.1597,0.3592,-95.48,0.28,0.0,0.0,0.454
5459.824,105.782,-0.0889,-0.1597,0.3592,-95.48,0.28,0.0,0.0,0.454
5459.927,105.871,-0.0889,-0.1597,0.3592,-95.48,0.28,0.0,0.0,0.454
5460.028,105.974,-0.0889,-0.1597,0.3592,-95.48,0.28,0.0,0.0,0.454
5460.124,106.061,-0.0889,-0.1597,0.3592,-95.48,0.28,0.0,0.0,0.454
5460.224,106.182,-0.0889,-0.1597,0.3592,-95.48,0.28,0.0,0.0,0.454
5460.326,106.291,-0.0889,-0.1597,0.3592,-95.48,0.28,0.0,0.0,0.454
5460.426,106.374,-0.0889,-0.1597,0.3592,-95.48,0.28,0.0,0.0,0.454
5460.524,106.465,-0.0889,-0.1597,0.3592,-95.48,0.28,0.0,0.0,0.454
5460.624,106.567,-0.0889,-0.1597,0.3592,-95.48,0.28,0.0,0.0,0.454
5460.724,106.682,-0.0889,-0.1597,0.3592,-95.48,0.28,0.0,0.0,0.454
5460.828,106.778,-0.0889,-0.1597,0.3592,-95.48,0.28,0.0,0.0,0.454
5460.924,106.861,-0.0889,-0.1597,0.3592,-95.48,0.28,0.0,0.0,0.454
5461.026,106.976,-0.0889,-0.1597,0.3592,-95.48,0.28,0.0,0.0,0.454
5461.126,107.073,-0.0889,-0.1597,0.3592,-95.48,0.28,0.0,0.0,0.454
5461.224,107.172,-0.0889,-0.1597,0.3592,-95.48,0.28,0.0,0.0,0.454
5461.333,107.274,-0.0889,-0.1597,0.3592,-95.48,0.28,0.0,0.0,0.454
5461.427,107.375,-0.0889,-0.1597,0.3592,-95.48,0.28,0.0,0.0,0.454
5461.525,107.47,-0.0889,-0.1597,0.3592,-95.48,0.28,0.0,0.0,0.454
5461.624,107.575,-0.0889,-0.1597,0.3592,-95.48,0.28,0.0,0.0,0.454
5461.727,107.67,-0.0889,-0.1597,0.3592,-95.48,0.28,0.0,0.0,0.454
5461.825,107.768,-0.0889,-0.1597,0.3592,-95.48,0.28,0.0,-0.0091,0.454
5461.925,107.877,-0.0889,-0.1597,0.3592,-95.48,0.28,0.0,0.0027,0.454
5462.026,107.978,-0.0889,-0.1597,0.3592,-95.48,0.28,0.0,0.0135,0.454
5462.124,108.072,-0.0889,-0.1597,0.3592,-95.48,0.28,0.0,-0.0063,0.454
5462.236,108.176,-0.0889,-0.1597,0.3592,-95.48,0.28,0.0,-0.0063,0.454
5462.334,108.276,-0.0889,-0.1597,0.3592,-95.48,0.28,0.0,-0.0166,0.454
5462.427,108.384,-0.0889,-0.1597,0.3592,-95.48,0.28,0.0,-0.015,0.454
5462.534,108.475,-0.0889,-0.1597,0.3592,-95.48,0.28,0.0,-0.015,0.454
5462.628,108.583,-0.0889,-0.1597,0.3592,-95.48,0.28,0.0,-0.0094,0.454
5462.724,108.675,-0.0889,-0.1597,0.3592,-95.48,0.28,0.0,-0.012,0.454
5462.833,108.794,-0.0889,-0.1597,0.3592,-95.48,0.28,0.0,-0.0243,0.454
5462.941,108.889,-0.0889,-0.1597,0.3592,-95.48,0.28,0.0,-0.0217,0.454
5463.024,108.977,-0.0889,-0.1597,0.3592,-95.48,0.28,0.0009,-0.0153,0.454
5463.127,109.077,-0.0889,-0.1597,0.3592,-95.48,0.28,0.0002,-0.0169,0.454
5463.224,109.19,-0.0889,-0.1597,0.3592,-95.48,0.28,0.0,-0.0306,0.454
5463.324,109.282,-0.0889,-0.1597,0.3592,-95.48,0.28,0.0,-0.0306,0.454
5463.427,109.387,-0.0889,-0.1597,0.3592,-95.48,0.28,0.0,-0.0382,0.454
5463.524,109.492,-0.089,-0.1598,0.3592,-95.52,0.27,0.0009,-0.0392,0.454
5463.624,109.576,-0.0889,-0.1607,0.3582,-95.67,0.2,0.0009,-0.0392,0.455
5463.727,109.688,-0.0871,-0.1619,0.3585,-95.84,0.33,0.0,-0.0524,0.449
5463.825,109.78,-0.0858,-0.1629,0.3578,-96.05,0.31,0.0,-0.0524,0.448
5463.924,109.892,-0.0857,-0.1658,0.3584,-96.61,0.34,0.0,-0.09,0.449
5464.026,109.983,-0.0852,-0.1676,0.3577,-96.98,0.25,0.0,-0.09,0.453
5464.134,110.089,-0.0844,-0.1681,0.357,-97.23,0.26,0.0,-0.0771,0.45
5464.225,110.191,-0.0833,-0.1659,0.3569,-97.56,0.27,0.0,-0.0782,0.45
5464.325,110.302,-0.0839,-0.1652,0.3563,-98.17,0.13,0.0,-0.046,0.455
5464.427,110.383,-0.0853,-0.1642,0.3574,-98.44,0.13,0.0,-0.046,0.456
5464.525,110.489,-0.0883,-0.1643,0.3565,-98.72,0.21,0.0,-0.0458,0.45
5464.624,110.592,-0.0897,-0.1651,0.3578,-98.76,0.29,0.0,-0.053,0.449
5464.733,110.695,-0.0907,-0.1671,0.357,-99.06,0.24,0.0,-0.0561,0.45
5464.826,110.791,-0.0907,-0.1674,0.3584,-99.48,0.25,0.0,0.0,0.45
5464.925,110.898,-0.0899,-0.1666,0.3584,-99.53,0.11,0.0,0.0,0.449
5465.033,110.997,-0.0878,-0.1657,0.3586,-99.46,0.23,0.0,0.0,0.459
5465.126,111.096,-0.0846,-0.1632,0.3586,-99.39,0.35,0.0,0.0,0.459
5465.227,111.192,-0.0844,-0.1631,0.3587,-99.48,0.31,0.0,0.0,0.45
5465.33,111.304,-0.0862,-0.1649,0.3594,-99.51,0.21,0.0,0.0,0.45
5465.425,111.392,-0.0871,-0.1666,0.3599,-99.51,0.25,0.0,0.0,0.452
5465.534,111.499,-0.0878,-0.168,0.3603,-99.53,0.32,0.0,0.0,0.452
5465.625,111.601,-0.0879,-0.168,0.3603,-99.54,0.32,0.0,0.0,0.452
5465.726,111.704,-0.0879,-0.168,0.3603,-99.53,0.32,0.0,0.0,0.452
5465.837,111.804,-0.0879,-0.168,0.3603,-99.53,0.32,0.0,0.0,0.452
5465.925,111.904,-0.0879,-0.168,0.3603,-99.53,0.32,0.0,0.0,0.452
5466.024,111.991,-0.0879,-0.168,0.3603,-99.53,0.32,0.0,0.0,0.452
5466.125,112.095,-0.0879,-0.168,0.3603,-99.53,0.32,0.0,0.0,0.452
5466.227,112.195,-0.0879,-0.168,0.3603,-99.53,0.32,0.0,0.0,0.452
5466.326,112.295,-0.0879,-0.168,0.3603,-99.53,0.32,0.0,0.0,0.452
5466.426,112.403,-0.0879,-0.168,0.3603,-99.53,0.32,0.0,0.0,0.452
5466.525,112.496,-0.0879,-0.168,0.3603,-99.53,0.32,0.0,0.0,0.452
5466.624,112.608,-0.0879,-0.168,0.3603,-99.53,0.32,0.0,0.0,0.452
5466.726,112.711,-0.0879,-0.168,0.3603,-99.53,0.32,0.0,0.0,0.452
5466.83,112.805,-0.0879,-0.168,0.3603,-99.53,0.32,0.0,0.0,0.452
5466.924,112.904,-0.0879,-0.168,0.3603,-99.53,0.32,0.0,0.0,0.452
5467.024,113.013,-0.0879,-0.168,0.3603,-99.53,0.32,0.0,0.0,0.452
5467.125,113.128,-0.0879,-0.168,0.3603,-99.53,0.32,0.0,0.04,0.452
5467.231,113.221,-0.0879,-0.168,0.3603,-99.53,0.31,0.0,0.12,0.452
5467.328,113.311,-0.0879,-0.1681,0.3603,-99.34,0.29,0.0,0.12,0.452
5467.425,113.415,-0.0884,-0.1691,0.3584,-98.6,0.2,0.0,0.12,0.46
5467.525,113.512,-0.0888,-0.1694,0.3585,-98.22,0.24,0.0,0.12,0.451
5467.626,113.609,-0.0889,-0.1699,0.358,-97.54,0.15,0.0,0.08,0.45
5467.724,113.725,-0.087,-0.171,0.359,-96.71,0.26,0.0,0.0,0.454
5467.824,113.812,-0.0851,-0.1709,0.3581,-96.64,0.35,0.0,0.0,0.45
5467.924,113.914,-0.0841,-0.1729,0.3567,-96.76,0.42,0.0,0.0,0.453
5468.024,114.018,-0.0832,-0.174,0.3572,-96.84,0.37,0.0,0.0,0.45
5468.135,114.121,-0.0834,-0.1742,0.3574,-96.79,0.34,0.0,0.0,0.461
5468.225,114.215,-0.0836,-0.1742,0.3575,-96.78,0.31,0.0,0.0,0.461
5468.326,114.329,-0.0839,-0.1744,0.3576,-96.77,0.29,0.0,0.0,0.461
5468.425,114.429,-0.084,-0.1746,0.3577,-96.76,0.28,0.0,0.0,0.459
5468.524,114.51,-0.0841,-0.1747,0.3577,-96.76,0.28,0.0,0.0,0.458
5468.628,114.62,-0.0842,-0.1747,0.3577,-96.76,0.27,0.0,0.0,0.457
5468.725,114.716,-0.0842,-0.1748,0.3578,-96.75,0.27,0.0,0.0,0.457
5468.829,114.836,-0.0842,-0.1748,0.3578,-96.75,0.27,0.0,0.0,0.456
5468.926,114.92,-0.0842,-0.1748,0.3578,-96.75,0.27,0.0,0.0,0.456
5469.028,115.032,-0.0842,-0.1748,0.3578,-96.75,0.27,0.0,0.0,0.456
5469.125,115.113,-0.0842,-0.1748,0.3578,-96.75,0.27,0.0,0.0,0.456
5469.224,115.213,-0.0842,-0.1748,0.3578,-96.76,0.27,0.0,0.0,0.456
5469.324,115.313,-0.0842,-0.1749,0.3578,-96.75,0.27,0.0,0.0,0.456
5469.426,115.426,-0.0843,-0.1751,0.3579,-96.73,0.26,0.0,0.0,0.455
5469.525,115.526,-0.0843,-0.1752,0.3579,-96.74,0.25,0.0,0.0,0.454
5469.629,115.633,-0.0844,-0.1752,0.358,-96.73,0.25,0.0,0.0,0.453
5469.724,115.739,-0.0844,-0.1753,0.358,-96.73,0.25,0.0,0.0,0.453
5469.827,115.818,-0.0845,-0.1753,0.358,-96.75,0.24,0.0,0.0,0.452
5469.929,115.925,-0.0845,-0.1754,0.358,-96.74,0.24,0.0,0.0,0.453
5470.034,116.026,-0.0845,-0.1754,0.3581,-96.75,0.23,0.0,0.0,0.452
5470.127,116.124,-0.0845,-0.1754,0.3581,-96.74,0.23,0.0,0.0,0.452
5470.224,116.226,-0.0845,-0.1755,0.3581,-96.74,0.23,0.0,0.0,0.452
5470.325,116.318,-0.0845,-0.1755,0.3581,-96.73,0.22,0.0,0.0,0.451
5470.429,116.423,-0.0845,-0.1755,0.3581,-96.73,0.22,0.0,0.0,0.451
5470.525,116.528,-0.0846,-0.1756,0.3582,-96.75,0.22,0.0,0.0,0.45
5470.624,116.631,-0.0846,-0.1756,0.3582,-96.75,0.22,0.0,0.0,0.451
5470.726,116.731,-0.0846,-0.1757,0.3582,-96.73,0.22,0.0,0.0,0.451
5470.827,116.83,-0.0846,-0.1757,0.3582,-96.75,0.21,0.0,0.0,0.45
5470.924,116.925,-0.0846,-0.1758,0.3583,-96.73,0.21,0.0,0.0,0.45
5471.026,117.035,-0.0847,-0.1759,0.3583,-96.75,0.22,0.0,0.0,0.449
5471.124,117.125,-0.0847,-0.1759,0.3584,-96.77,0.22,0.0,0.0,0.45
5471.225,117.248,-0.0847,-0.176,0.3584,-96.76,0.22,0.0,0.0,0.45
5471.326,117.336,-0.0847,-0.176,0.3584,-96.72,0.22,0.0,0.0,0.45
5471.43,117.437,-0.0847,-0.176,0.3585,-96.73,0.22,0.0,0.0,0.454
5471.526,117.536,-0.0847,-0.176,0.3585,-96.72,0.22,0.0,0.0,0.454
5471.631,117.642,-0.0847,-0.176,0.3585,-96.74,0.22,0.0,0.0,0.448
5471.724,117.743,-0.0847,-0.176,0.3585,-96.73,0.22,0.0,0.0,0.448
