sim_s,x,y,z,yaw_deg,tilt_deg,cmd_vx,cmd_wz,min_range_m
531.35,-3.3057,0.809,0.3539,90.75,0.21,0.0,0.0,inf
531.448,-3.3057,0.809,0.3539,90.75,0.21,0.0,0.0,0.551
531.548,-3.3057,0.809,0.3539,90.75,0.21,0.0,0.0,0.551
531.648,-3.3057,0.809,0.3539,90.75,0.21,0.0,0.0,0.551
531.748,-3.3057,0.809,0.3539,90.75,0.21,0.0,0.0,0.551
531.85,-3.3057,0.809,0.3539,90.75,0.21,0.0,0.0,0.551
531.949,-3.3057,0.809,0.3539,90.75,0.21,0.0,0.0,0.551
532.049,-3.3057,0.809,0.3539,90.75,0.21,0.0,0.0,0.551
532.149,-3.3057,0.809,0.3539,90.75,0.21,0.0,0.0,0.551
532.249,-3.3057,0.809,0.3539,90.75,0.21,0.0,0.0,0.551
532.349,-3.3057,0.809,0.3539,90.75,0.21,0.0,0.0,0.551
532.449,-3.3057,0.809,0.3539,90.75,0.21,0.0,0.0,0.551
532.549,-3.3057,0.809,0.3539,90.75,0.21,0.0,0.0,0.551
532.649,-3.3057,0.809,0.3539,90.75,0.21,0.0,0.0,0.551
532.749,-3.3057,0.809,0.3539,90.75,0.21,0.0,0.0,0.551
532.849,-3.3057,0.809,0.3539,90.75,0.21,0.0,0.0,0.551
532.949,-3.3057,0.809,0.3539,90.75,0.21,0.0,0.0,0.551
533.049,-3.3057,0.809,0.3539,90.75,0.21,0.0,0.0,0.551
533.149,-3.3057,0.809,0.3539,90.75,0.21,0.0,0.0,0.551
533.249,-3.3057,0.809,0.3539,90.75,0.21,0.0,0.0,0.551
533.349,-3.3057,0.809,0.3539,90.75,0.21,0.0,0.0,0.551
533.449,-3.3057,0.809,0.3539,90.75,0.21,0.0,0.0,0.551
533.549,-3.3057,0.809,0.3539,90.75,0.21,0.0126,-0.0172,0.551
533.649,-3.3057,0.8091,0.3539,90.74,0.21,0.0189,-0.0325,0.551
533.749,-3.3049,0.8109,0.3528,90.53,0.2,0.0266,-0.043,0.552
533.849,-3.3033,0.8136,0.3537,90.28,0.27,0.0342,-0.0502,0.552
533.949,-3.3025,0.8199,0.348,90.16,0.24,0.0483,-0.0552,0.555
534.049,-3.3028,0.8281,0.35,89.9,0.19,0.0564,-0.0542,0.561
534.149,-3.303,0.8394,0.3482,89.34,0.3,0.0704,-0.062,0.621
534.249,-3.3057,0.8482,0.3511,89.02,0.33,0.0803,-0.0726,0.655
534.349,-3.309,0.8564,0.351,88.87,0.42,0.08,-0.0718,0.658
534.449,-3.3119,0.8621,0.3521,88.47,0.44,0.0725,-0.0717,0.662
534.549,-3.3122,0.8701,0.3506,87.99,0.42,0.0725,-0.0717,0.671
534.649,-3.3124,0.8782,0.3528,87.45,0.35,0.0709,-0.0839,0.678
534.749,-3.3119,0.8853,0.353,87.2,0.32,0.0749,-0.0846,0.708
534.849,-3.3109,0.8909,0.3538,86.81,0.21,0.0716,-0.081,0.715
534.949,-3.308,0.8985,0.3529,86.2,0.19,0.0696,-0.0841,0.721
535.049,-3.3052,0.9045,0.3537,85.62,0.11,0.0725,-0.0877,0.71
535.149,-3.3034,0.9116,0.3518,85.48,0.31,0.0745,-0.0737,0.726
535.249,-3.3023,0.9202,0.3512,84.96,0.2,0.0766,-0.0728,0.743
535.349,-3.3012,0.9288,0.3517,84.37,0.29,0.0832,-0.0701,0.743
535.449,-3.3015,0.9362,0.3521,83.97,0.12,0.079,-0.0695,0.753
535.549,-3.303,0.9439,0.3526,83.79,0.23,0.0785,-0.065,0.753
535.651,-3.3048,0.9519,0.351,83.4,0.16,0.0742,-0.0605,0.772
535.749,-3.3055,0.96,0.3518,82.87,0.36,0.0771,-0.0618,0.762
535.852,-3.3058,0.969,0.3505,82.56,0.31,0.0771,-0.0659,0.779
535.949,-3.3057,0.9756,0.3518,82.42,0.36,0.0765,-0.0592,0.801
536.049,-3.3049,0.9826,0.3506,82.07,0.15,0.0736,-0.0532,0.811
536.149,-3.3018,0.9899,0.3522,81.5,0.18,0.0747,-0.0527,0.813
536.249,-3.2982,0.9973,0.3522,81.26,0.13,0.0728,-0.0622,0.818
536.349,-3.2953,1.0051,0.3528,81.17,0.36,0.0723,-0.0525,0.841
536.449,-3.2929,1.0145,0.3534,80.85,0.29,0.0705,-0.0488,0.858
536.549,-3.2906,1.0229,0.3546,80.41,0.31,0.074,-0.0467,0.872
536.649,-3.2899,1.0289,0.3554,80.14,0.2,0.0732,-0.0521,0.874
536.749,-3.2905,1.0349,0.3553,80.06,0.19,0.0693,-0.0494,0.89
536.849,-3.2919,1.0406,0.3542,79.78,0.15,0.0593,-0.0411,0.898
536.949,-3.292,1.0471,0.3527,79.43,0.28,0.0609,-0.045,0.894
537.049,-3.2919,1.0531,0.3528,79.17,0.19,0.0586,-0.052,0.894
537.149,-3.2916,1.059,0.3519,79.16,0.28,0.0595,-0.049,0.883
537.249,-3.2915,1.0636,0.3528,78.86,0.22,0.0573,-0.0401,0.883
537.35,-3.2891,1.0695,0.3533,78.29,0.14,0.056,-0.0469,0.873
537.449,-3.2854,1.0745,0.3541,78.07,0.13,0.056,-0.0583,0.869
537.549,-3.2824,1.0813,0.3518,77.99,0.3,0.0551,-0.0604,0.863
537.649,-3.2797,1.0889,0.3529,77.65,0.29,0.0567,-0.0553,0.857
537.749,-3.2772,1.097,0.3517,77.23,0.31,0.0575,-0.0548,0.849
537.849,-3.277,1.1018,0.3537,76.87,0.22,0.0633,-0.0602,0.844
537.949,-3.278,1.1068,0.3532,76.68,0.14,0.0569,-0.0565,0.844
538.049,-3.2805,1.1102,0.3542,76.33,0.31,0.0526,-0.0561,0.836
538.149,-3.2813,1.1154,0.3524,75.9,0.23,0.0485,-0.0635,0.832
538.249,-3.2799,1.1203,0.3543,75.48,0.15,0.0496,-0.0674,0.828
538.349,-3.2772,1.127,0.3516,75.35,0.2,0.0506,-0.0662,0.822
538.449,-3.2747,1.1322,0.3534,75.05,0.24,0.052,-0.0451,0.817
538.549,-3.2713,1.1391,0.3515,74.79,0.24,0.0514,-0.0546,0.811
538.649,-3.2685,1.143,0.3539,74.24,0.26,0.0558,-0.0525,0.806
538.751,-3.2661,1.1478,0.3514,73.92,0.24,0.0532,-0.0571,0.806
538.849,-3.2646,1.1531,0.35,73.84,0.16,0.0517,-0.0314,0.803
538.949,-3.2646,1.1578,0.3382,73.46,0.34,0.054,-0.0448,0.799
539.049,-3.2678,1.161,0.3415,73.19,0.3,0.0489,-0.0566,0.793
539.149,-3.272,1.162,0.3441,73.26,0.63,0.0374,-0.0563,0.788
539.249,-3.2781,1.1612,0.3446,72.95,0.7,0.0374,-0.0563,0.789
539.349,-3.2787,1.1634,0.3439,72.31,0.43,0.0276,-0.0662,0.789
539.449,-3.2741,1.1678,0.3466,71.88,0.05,0.0342,-0.0794,0.787
539.549,-3.2682,1.1728,0.3477,71.78,0.29,0.0438,-0.0787,0.782
539.649,-3.2615,1.179,0.3496,71.35,0.36,0.0475,-0.0725,0.777
539.749,-3.2556,1.1843,0.3513,70.71,0.5,0.0566,-0.0757,0.772
539.849,-3.2519,1.1863,0.3528,70.29,0.5,0.0567,-0.0805,0.77
539.949,-3.2497,1.1903,0.3516,70.14,0.52,0.0499,-0.0823,0.767
540.049,-3.2486,1.1963,0.3528,69.64,0.35,0.0488,-0.0769,0.763
540.149,-3.2483,1.2021,0.3534,68.97,0.31,0.0527,-0.0778,0.758
540.249,-3.2492,1.2068,0.354,68.57,0.15,0.0491,-0.0898,0.755
540.349,-3.2503,1.212,0.3523,68.27,0.22,0.0495,-0.0727,0.75
540.449,-3.2522,1.2163,0.353,67.88,0.24,0.0447,-0.0734,0.746
540.549,-3.251,1.2214,0.3533,67.39,0.24,0.0436,-0.0811,0.742
540.649,-3.2481,1.2262,0.3545,66.93,0.14,0.0455,-0.0883,0.739
540.749,-3.2447,1.2314,0.354,66.63,0.26,0.0481,-0.0878,0.734
540.849,-3.2415,1.2359,0.3548,66.14,0.21,0.0525,-0.0859,0.731
540.949,-3.2377,1.2403,0.3554,65.44,0.29,0.0549,-0.0925,0.727
541.049,-3.2339,1.2432,0.3552,64.9,0.25,0.0521,-0.0943,0.725
541.149,-3.2306,1.2481,0.3535,64.67,0.4,0.0551,-0.0934,0.722
541.249,-3.2277,1.2549,0.3536,64.2,0.28,0.0536,-0.0791,0.718
541.349,-3.2256,1.2614,0.3549,63.52,0.31,0.0571,-0.0782,0.718
541.449,-3.2245,1.2668,0.3557,63.07,0.17,0.0593,-0.0813,0.711
541.549,-3.2244,1.2719,0.356,62.88,0.21,0.0561,-0.0816,0.703
541.649,-3.2244,1.2771,0.3531,62.37,0.15,0.05,-0.084,0.703
541.749,-3.2227,1.2822,0.3521,61.7,0.31,0.0512,-0.089,0.695
541.85,-3.2199,1.2876,0.3521,61.26,0.17,0.0486,-0.0946,0.692
541.949,-3.2174,1.2914,0.3527,60.99,0.22,0.0495,-0.0945,0.688
542.049,-3.2145,1.295,0.3495,60.45,0.17,0.0474,-0.0876,0.686
542.149,-3.211,1.2977,0.3486,59.76,0.24,0.0476,-0.0936,0.684
542.249,-3.2071,1.3002,0.3473,59.3,0.09,0.0456,-0.0984,0.683
542.349,-3.2038,1.3029,0.3482,58.98,0.27,0.0464,-0.0938,0.681
542.449,-3.2001,1.3075,0.3472,58.37,0.22,0.0446,-0.0945,0.679
542.549,-3.1967,1.3104,0.3499,57.64,0.29,0.0497,-0.0975,0.677
542.649,-3.1932,1.3133,0.348,57.2,0.23,0.0483,-0.1,0.676
542.749,-3.1905,1.3174,0.3492,56.9,0.31,0.0499,-0.0933,0.676
542.849,-3.1874,1.3238,0.3489,56.3,0.24,0.0482,-0.0877,0.673
542.949,-3.1851,1.3288,0.3519,55.61,0.26,0.0527,-0.0939,0.666
543.049,-3.1829,1.3339,0.3508,55.17,0.1,0.0532,-0.1002,0.663
543.149,-3.1814,1.3384,0.3516,54.81,0.19,0.051,-0.0975,0.663
543.249,-3.1795,1.3435,0.3496,54.18,0.09,0.0479,-0.0977,0.656
543.349,-3.1767,1.3477,0.3508,53.51,0.22,0.0522,-0.1001,0.653
543.449,-3.1735,1.352,0.3502,52.96,0.09,0.0492,-0.1003,0.652
543.549,-3.1703,1.3555,0.35,52.64,0.23,0.0537,-0.0954,0.649
543.649,-3.1669,1.3591,0.3494,52.03,0.14,0.0508,-0.094,0.647
543.749,-3.1625,1.3621,0.3497,51.34,0.22,0.0529,-0.0992,0.645
543.849,-3.1583,1.3641,0.3512,50.78,0.29,0.0508,-0.1048,0.645
543.949,-3.1541,1.3676,0.3513,50.45,0.35,0.0496,-0.1063,0.644
544.049,-3.15,1.3722,0.3524,49.88,0.27,0.0507,-0.0968,0.642
544.149,-3.1461,1.3765,0.3536,49.17,0.31,0.0573,-0.1027,0.639
544.249,-3.1433,1.3796,0.3541,48.62,0.25,0.0558,-0.1041,0.638
544.349,-3.1403,1.3846,0.3521,48.21,0.22,0.0582,-0.0999,0.635
544.449,-3.1377,1.3901,0.3536,47.7,0.18,0.0552,-0.0965,0.632
544.549,-3.1333,1.3957,0.3548,46.94,0.25,0.0591,-0.0959,0.628
544.649,-3.1291,1.4004,0.3566,46.35,0.24,0.0592,-0.0973,0.628
544.749,-3.1246,1.406,0.3559,46.02,0.23,0.0603,-0.095,0.626
544.849,-3.1207,1.4107,0.3566,45.58,0.22,0.0611,-0.0917,0.622
544.949,-3.1153,1.4156,0.3563,44.96,0.22,0.0596,-0.0913,0.619
545.049,-3.1111,1.4189,0.358,44.32,0.23,0.062,-0.0955,0.616
545.149,-3.106,1.4233,0.356,43.93,0.22,0.0602,-0.0978,0.613
545.249,-3.1018,1.4272,0.3569,43.5,0.32,0.0616,-0.0978,0.61
545.349,-3.0968,1.432,0.3567,42.92,0.25,0.0607,-0.095,0.608
545.449,-3.0923,1.4351,0.3586,42.21,0.31,0.0635,-0.1008,0.607
545.549,-3.0868,1.439,0.3554,41.76,0.21,0.0611,-0.0972,0.606
545.649,-3.0818,1.4439,0.3556,41.37,0.36,0.0645,-0.0955,0.603
545.749,-3.0758,1.45,0.3547,40.74,0.27,0.0626,-0.095,0.599
545.849,-3.0706,1.4546,0.3567,40.04,0.3,0.0674,-0.1034,0.597
545.949,-3.0656,1.4595,0.3547,39.6,0.14,0.0642,-0.1044,0.595
546.049,-3.0612,1.4645,0.3544,39.22,0.26,0.0664,-0.1005,0.595
546.151,-3.0566,1.4698,0.354,38.63,0.14,0.0623,-0.0977,0.588
546.249,-3.0511,1.4739,0.3552,37.9,0.24,0.0654,-0.1007,0.588
546.349,-3.0456,1.4772,0.3556,37.35,0.24,0.0636,-0.1033,0.586
546.449,-3.04,1.4817,0.355,37.0,0.27,0.0643,-0.1035,0.586
546.549,-3.0349,1.4859,0.3559,36.53,0.25,0.0661,-0.0984,0.581
546.649,-3.0285,1.4897,0.3564,35.79,0.27,0.0667,-0.0973,0.579
546.749,-3.0228,1.492,0.3576,35.14,0.32,0.0685,-0.1032,0.58
546.849,-3.0159,1.4963,0.3546,34.71,0.31,0.0656,-0.1058,0.579
546.949,-3.0094,1.501,0.3555,34.22,0.33,0.0699,-0.1001,0.576
547.049,-3.002,1.5057,0.3558,33.53,0.32,0.0737,-0.1012,0.573
547.149,-2.9965,1.5093,0.3576,32.9,0.3,0.0754,-0.1037,0.573
547.249,-2.9899,1.5145,0.3529,32.48,0.22,0.0729,-0.1016,0.571
547.349,-2.9842,1.5196,0.354,32.07,0.23,0.0755,-0.1012,0.568
547.449,-2.9766,1.5254,0.3535,31.41,0.22,0.0739,-0.0988,0.565
547.549,-2.97,1.5299,0.356,30.68,0.24,0.078,-0.1017,0.563
547.649,-2.962,1.5352,0.3521,30.21,0.18,0.0766,-0.1043,0.561
547.749,-2.9554,1.5389,0.3536,29.79,0.29,0.0801,-0.1065,0.558
547.849,-2.9473,1.5428,0.3532,29.07,0.23,0.0766,-0.102,0.557
547.949,-2.9404,1.5447,0.356,28.31,0.32,0.077,-0.1044,0.558
548.05,-2.9327,1.5472,0.355,27.85,0.26,0.0736,-0.0992,0.559
548.149,-2.9252,1.5514,0.356,27.44,0.39,0.0773,-0.0911,0.559
548.249,-2.9164,1.5565,0.3542,26.89,0.29,0.0757,-0.0918,0.555
548.35,-2.9089,1.5604,0.3553,26.21,0.32,0.0816,-0.0948,0.553
548.449,-2.9025,1.5643,0.3556,25.75,0.21,0.0785,-0.0985,0.553
548.549,-2.8965,1.569,0.3553,25.43,0.23,0.0777,-0.0957,0.55
548.65,-2.8911,1.5735,0.356,24.95,0.21,0.0751,-0.0911,0.548
548.749,-2.8835,1.5769,0.3565,24.27,0.21,0.0754,-0.0927,0.548
548.849,-2.8759,1.5789,0.3575,23.72,0.21,0.0762,-0.0968,0.547
548.949,-2.8666,1.5823,0.3551,23.32,0.27,0.0752,-0.0958,0.547
549.049,-2.858,1.585,0.356,22.88,0.37,0.081,-0.0949,0.545
549.149,-2.848,1.5877,0.3552,22.25,0.33,0.0799,-0.0951,0.545
549.249,-2.841,1.589,0.3574,21.57,0.38,0.0857,-0.0997,0.547
549.349,-2.8329,1.5914,0.3545,21.13,0.27,0.0825,-0.101,0.548
549.449,-2.825,1.5956,0.3552,20.74,0.35,0.0854,-0.0954,0.546
549.549,-2.8154,1.6009,0.3548,20.16,0.25,0.0837,-0.092,0.544
549.65,-2.8066,1.6049,0.3568,19.45,0.32,0.0865,-0.0929,0.543
549.749,-2.7977,1.609,0.3572,18.99,0.18,0.0881,-0.0966,0.542
549.849,-2.7896,1.6134,0.3575,18.65,0.28,0.0861,-0.097,0.54
549.949,-2.7819,1.6169,0.3578,18.13,0.19,0.0853,-0.0945,0.539
550.049,-2.7729,1.6181,0.3584,17.41,0.27,0.0842,-0.0979,0.539
550.149,-2.7648,1.6185,0.3585,16.85,0.32,0.0818,-0.0985,0.539
550.251,-2.7552,1.6211,0.3569,16.5,0.36,0.0834,-0.0959,0.543
550.349,-2.746,1.6239,0.3581,16.08,0.35,0.087,-0.0897,0.542
550.449,-2.7364,1.6256,0.3587,15.43,0.37,0.0903,-0.0899,0.542
550.549,-2.7291,1.6266,0.3596,14.86,0.4,0.0898,-0.0907,0.544
550.649,-2.7196,1.6297,0.3573,14.46,0.27,0.0847,-0.0856,0.545
550.749,-2.7103,1.6339,0.3578,14.04,0.26,0.0895,-0.0823,0.543
550.849,-2.6993,1.6376,0.3576,13.52,0.27,0.0914,-0.08,0.542
550.949,-2.6897,1.6401,0.3592,12.99,0.28,0.0971,-0.0857,0.542
551.049,-2.6787,1.6434,0.3566,12.6,0.19,0.0943,-0.0888,0.542
551.149,-2.669,1.6467,0.3568,12.27,0.31,0.0976,-0.0857,0.54
551.249,-2.6587,1.6495,0.3558,11.76,0.19,0.0957,-0.0819,0.54
551.349,-2.6487,1.6504,0.3568,11.13,0.29,0.0977,-0.0804,0.541
551.449,-2.6392,1.6509,0.3566,10.66,0.32,0.0972,-0.0847,0.543
551.549,-2.6288,1.6534,0.356,10.4,0.33,0.0932,-0.0824,0.543
551.649,-2.6185,1.6558,0.357,10.01,0.33,0.0967,-0.0775,0.543
551.749,-2.6074,1.6564,0.3574,9.42,0.33,0.0968,-0.076,0.544
551.849,-2.5986,1.6564,0.3587,8.94,0.38,0.1016,-0.0784,0.547
551.949,-2.5877,1.6586,0.357,8.6,0.24,0.097,-0.0779,0.548
552.049,-2.5773,1.6619,0.3579,8.28,0.26,0.0978,-0.0746,0.547
552.149,-2.5652,1.6649,0.3576,7.84,0.21,0.0987,-0.0754,0.546
552.249,-2.5544,1.6664,0.3591,7.27,0.3,0.1004,-0.0679,0.547
552.349,-2.5432,1.6682,0.3581,6.91,0.2,0.1041,-0.0733,0.548
552.449,-2.5322,1.6711,0.3576,6.73,0.31,0.1028,-0.0689,0.548
552.549,-2.5222,1.6733,0.3586,6.42,0.27,0.1047,-0.0649,0.549
552.649,-2.5111,1.6728,0.3588,5.86,0.26,0.1013,-0.0661,0.551
552.749,-2.5018,1.6713,0.3595,5.43,0.4,0.1035,-0.0713,0.556
552.849,-2.4897,1.672,0.3566,5.13,0.34,0.101,-0.0717,0.56
552.949,-2.4776,1.6738,0.3573,4.85,0.38,0.1027,-0.069,0.562
553.049,-2.464,1.6751,0.3578,4.43,0.34,0.1108,-0.0601,0.564
553.149,-2.4531,1.6757,0.3593,3.95,0.36,0.1108,-0.0601,0.569
553.249,-2.4417,1.6771,0.3578,3.64,0.24,0.1122,-0.063,0.573
553.349,-2.43,1.6804,0.3575,3.47,0.27,0.1071,-0.0573,0.633
553.449,-2.4187,1.6832,0.358,3.24,0.24,0.1092,-0.0512,0.645
553.549,-2.4072,1.6837,0.3578,2.76,0.25,0.1071,-0.0471,0.645
553.649,-2.3981,1.6843,0.3583,2.4,0.25,0.1033,-0.0479,0.643
553.749,-2.3879,1.6868,0.3573,2.26,0.23,0.1033,-0.0479,0.643
553.849,-2.3794,1.6899,0.3578,2.01,0.31,0.0992,-0.0332,0.645
553.949,-2.3683,1.6919,0.355,1.8,0.22,0.0992,-0.0332,0.646
554.049,-2.3567,1.6912,0.3562,1.5,0.2,0.1035,-0.038,0.645
554.149,-2.3432,1.6901,0.3559,1.31,0.18,0.1081,-0.0379,0.642
554.249,-2.3302,1.69,0.3569,1.26,0.38,0.1131,-0.0292,0.643
554.349,-2.3168,1.689,0.3573,1.13,0.38,0.1118,-0.0292,0.641
554.449,-2.3045,1.6866,0.3578,0.88,0.48,0.1118,-0.0292,0.638
554.549,-2.2951,1.6848,0.3586,0.6,0.52,0.1086,-0.0362,0.635
554.649,-2.2836,1.6862,0.3576,0.57,0.3,0.1072,-0.0283,0.634
554.749,-2.2722,1.6889,0.3584,0.47,0.18,0.1041,-0.0237,0.636
554.849,-2.2589,1.6903,0.3579,0.36,0.22,0.1065,-0.0097,0.637
554.949,-2.2471,1.6906,0.3594,0.17,0.26,0.1074,-0.0321,0.636
555.049,-2.2341,1.6917,0.359,-0.11,0.2,0.1066,-0.0338,0.635
555.149,-2.2232,1.6934,0.3597,0.07,0.32,0.1092,-0.023,0.637
555.249,-2.2125,1.6941,0.3595,-0.2,0.18,0.1048,-0.0277,0.638
555.349,-2.2016,1.6918,0.3593,-0.48,0.27,0.105,-0.0272,0.636
555.449,-2.1923,1.6893,0.36,-0.75,0.4,0.0998,-0.0401,0.633
555.549,-2.181,1.69,0.3591,-0.76,0.26,0.099,-0.0308,0.631
555.649,-2.17,1.6913,0.3593,-0.84,0.22,0.0983,-0.0224,0.631
555.749,-2.1576,1.6908,0.3593,-0.99,0.25,0.1003,-0.0212,0.631
555.849,-2.1475,1.6895,0.3604,-1.35,0.32,0.0985,-0.029,0.628
555.949,-2.1363,1.6894,0.3592,-1.51,0.19,0.0957,-0.0231,0.626
556.049,-2.126,1.6909,0.3594,-1.42,0.27,0.0969,-0.0166,0.627
556.149,-2.1155,1.6921,0.359,-1.51,0.17,0.0938,-0.0157,0.628
556.249,-2.1052,1.6908,0.3587,-1.79,0.24,0.0956,-0.0147,0.626
556.349,-2.0963,1.6894,0.3592,-1.94,0.3,0.0918,-0.0174,0.625
556.449,-2.0859,1.6903,0.3584,-1.89,0.22,0.0915,-0.0183,0.624
556.549,-2.0765,1.6915,0.3587,-1.95,0.21,0.0885,-0.0093,0.625
556.649,-2.0656,1.6909,0.358,-2.05,0.18,0.0895,-0.0085,0.625
556.749,-2.0568,1.6892,0.3589,-2.19,0.27,0.0893,-0.0025,0.623
556.849,-2.0469,1.6886,0.3579,-2.26,0.19,0.0871,0.0021,0.621
556.949,-2.0376,1.6898,0.3586,-2.06,0.26,0.089,0.0111,0.622
557.049,-2.0278,1.6906,0.3583,-1.99,0.15,0.0859,0.0144,0.623
557.149,-2.0181,1.689,0.3581,-2.12,0.23,0.0885,0.0189,0.622
557.249,-2.0098,1.6874,0.3588,-2.14,0.3,0.0842,0.0219,0.622
557.349,-2.0002,1.6884,0.3584,-1.92,0.21,0.0835,0.0241,0.621
557.449,-1.9915,1.6897,0.3588,-1.69,0.2,0.081,0.0285,0.624
557.549,-1.9816,1.6897,0.3578,-1.6,0.18,0.0818,0.032,0.62
557.649,-1.9735,1.6885,0.3583,-1.54,0.22,0.0815,0.0319,0.611
557.749,-1.9642,1.6879,0.3575,-1.35,0.16,0.0791,0.0356,0.603
557.849,-1.9558,1.6887,0.3583,-1.01,0.27,0.0806,0.0415,0.594
557.949,-1.9469,1.6892,0.3575,-0.82,0.15,0.0773,0.0463,0.586
558.049,-1.9384,1.6877,0.3571,-0.74,0.27,0.0793,0.0445,0.577
558.149,-1.9314,1.6862,0.3575,-0.6,0.29,0.074,0.0465,0.57
558.249,-1.923,1.6871,0.357,-0.19,0.21,0.0729,0.0484,0.562
558.349,-1.9155,1.6887,0.3576,0.21,0.17,0.0729,0.0484,0.555
558.449,-1.9063,1.689,0.356,0.35,0.17,0.0703,0.0541,0.546
558.549,-1.8989,1.6884,0.3568,0.52,0.2,0.0709,0.0503,0.539
558.649,-1.8906,1.6885,0.3564,0.9,0.14,0.0695,0.0487,0.531
558.749,-1.8839,1.6897,0.3576,1.34,0.24,0.0714,0.0504,0.524
558.849,-1.8766,1.6908,0.3567,1.52,0.13,0.0675,0.056,0.517
558.949,-1.8692,1.6898,0.3564,1.7,0.21,0.0697,0.0532,0.51
559.049,-1.8627,1.6883,0.3574,1.9,0.25,0.0661,0.0504,0.504
559.149,-1.855,1.6892,0.3576,2.43,0.21,0.0662,0.0552,0.496
559.249,-1.848,1.6907,0.3581,2.78,0.18,0.0656,0.0645,0.49
559.349,-1.8391,1.6911,0.3551,2.93,0.21,0.0668,0.0599,0.482
559.449,-1.8319,1.6909,0.3558,3.26,0.2,0.0665,0.0524,0.474
559.549,-1.8239,1.6913,0.3553,3.52,0.17,0.0415,0.0124,0.467
559.649,-1.8186,1.6915,0.3568,3.88,0.28,0.0,0.0,0.46
559.749,-1.8162,1.6902,0.3548,3.76,0.16,0.0,0.0,0.457
559.849,-1.8194,1.6889,0.3539,3.71,0.21,0.0,0.0,0.458
559.949,-1.8248,1.6862,0.3537,3.55,0.4,0.0,0.0,0.463
560.049,-1.8261,1.6865,0.3533,3.72,0.27,0.0,0.0,0.466
560.149,-1.8248,1.6877,0.3534,3.77,0.15,0.0,0.0,0.465
560.249,-1.8224,1.6886,0.3536,3.75,0.15,0.0,0.0,0.463
560.349,-1.8197,1.6891,0.3538,3.75,0.18,0.0,0.0,0.461
560.449,-1.8172,1.6894,0.3539,3.74,0.2,0.0,0.0,0.458
560.549,-1.8151,1.6897,0.3541,3.74,0.22,0.0,0.0,0.456
560.649,-1.8137,1.6899,0.3542,3.75,0.23,0.0,0.0,0.454
560.749,-1.8132,1.69,0.3542,3.75,0.22,0.0,0.0,0.454
560.849,-1.8132,1.6901,0.3542,3.78,0.21,0.0,0.0,0.454
560.949,-1.8131,1.6901,0.3543,3.76,0.21,0.0,0.0,0.453
561.049,-1.8129,1.6902,0.3543,3.7,0.2,0.0,0.0,0.453
561.149,-1.8127,1.6902,0.3544,3.71,0.2,0.0,0.0,0.453
561.249,-1.8125,1.6903,0.3544,3.72,0.2,0.0,0.0,0.453
561.349,-1.8124,1.6904,0.3545,3.73,0.21,0.0,0.0,0.453
561.449,-1.8122,1.6904,0.3545,3.73,0.21,0.0,0.0,0.453
561.549,-1.812,1.6905,0.3546,3.77,0.21,0.0,0.0,0.453
561.649,-1.8119,1.6905,0.3546,3.74,0.21,0.0,0.0,0.452
561.749,-1.8117,1.6906,0.3547,3.77,0.21,0.0,0.0,0.452
561.849,-1.8115,1.6907,0.3547,3.79,0.21,0.0,0.0,0.452
561.949,-1.8114,1.6907,0.3548,3.76,0.22,0.0,0.0,0.452
562.049,-1.8113,1.6907,0.3548,3.73,0.22,0.0,0.0,0.452
562.149,-1.8112,1.6907,0.3548,3.69,0.22,0.0,0.0,0.452
562.249,-1.8111,1.6907,0.3548,3.72,0.22,0.0,0.0,0.452
562.349,-1.8111,1.6907,0.3549,3.72,0.22,0.0,0.0,0.452
562.449,-1.811,1.6907,0.3549,3.73,0.22,0.0,0.0,0.452
562.549,-1.811,1.6908,0.3549,3.74,0.22,0.0,0.0,0.451
562.649,-1.811,1.6908,0.3549,3.74,0.22,0.0,0.0,0.451
562.749,-1.8109,1.6908,0.3549,3.74,0.22,0.0,0.0,0.451
562.849,-1.8109,1.6908,0.3549,3.71,0.22,0.0,0.0,0.451
562.949,-1.8108,1.6908,0.355,3.73,0.22,0.0,0.0,0.451
563.049,-1.8108,1.6908,0.355,3.74,0.22,0.0,0.0,0.451
563.149,-1.8107,1.6908,0.355,3.72,0.23,0.0,0.0,0.451
563.249,-1.8106,1.6909,0.355,3.77,0.22,0.0,0.0,0.451
563.349,-1.8106,1.6909,0.355,3.75,0.23,0.0,0.0,0.451
563.449,-1.8105,1.6909,0.355,3.8,0.22,0.0,0.0,0.451
563.549,-1.8105,1.6909,0.355,3.76,0.23,0.0,0.0,0.451
563.649,-1.8104,1.6909,0.3551,3.74,0.23,0.0,0.0,0.451
563.749,-1.8104,1.6909,0.3551,3.72,0.23,0.0,0.0,0.451
563.849,-1.8104,1.6909,0.3551,3.79,0.23,0.0,0.0,0.451
563.949,-1.8103,1.6909,0.3551,3.73,0.23,0.0,0.0,0.451
564.049,-1.8103,1.6909,0.3551,3.72,0.23,0.0,0.0,0.451
564.149,-1.8103,1.6909,0.3551,3.71,0.24,0.0,0.0,0.451
564.249,-1.8103,1.6909,0.3551,3.75,0.23,0.0,0.0,0.451
564.349,-1.8103,1.6909,0.3551,3.75,0.23,0.0,0.0,0.451
564.449,-1.8103,1.6909,0.3551,3.74,0.23,0.0,0.0,0.451
564.549,-1.8102,1.6909,0.3551,3.71,0.23,0.0,0.0,0.451
564.649,-1.8102,1.6909,0.3551,3.71,0.23,0.0,0.0,0.451
564.749,-1.8102,1.6909,0.3551,3.71,0.23,0.0,0.0,0.451
564.849,-1.8102,1.6909,0.3551,3.72,0.23,0.0,0.0,0.451
564.949,-1.8102,1.6909,0.3551,3.73,0.23,0.0,0.0,0.451
565.049,-1.8102,1.6909,0.3551,3.75,0.23,0.0,0.0,0.451
565.149,-1.8102,1.6909,0.3552,3.74,0.23,0.0,0.0,0.451
565.249,-1.8102,1.6909,0.3552,3.76,0.23,0.0,0.0,0.451
565.349,-1.8102,1.6909,0.3552,3.77,0.23,0.0,0.0,0.451
565.449,-1.8102,1.6909,0.3552,3.75,0.23,0.0,0.0,0.451
565.549,-1.8101,1.6909,0.3552,3.75,0.23,0.0,0.0,0.451
565.649,-1.8101,1.6909,0.3552,3.71,0.24,0.0,0.0,0.451
565.749,-1.81,1.6909,0.3551,3.71,0.21,0.0,0.0,0.451
565.849,-1.8092,1.6913,0.3539,3.74,0.21,0.0,0.0,0.45
565.949,-1.8099,1.6908,0.3541,3.86,0.21,0.0,0.0,0.45
566.049,-1.8102,1.6906,0.3543,3.81,0.2,0.0,0.0,0.451
566.149,-1.8101,1.6905,0.3544,3.8,0.21,0.0,0.0,0.451
566.249,-1.8101,1.6903,0.3544,3.73,0.23,0.0,0.0,0.451
566.349,-1.8101,1.6903,0.3545,3.7,0.23,0.0,0.0,0.451
566.449,-1.8101,1.6903,0.3545,3.7,0.23,0.0,0.0,0.451
566.549,-1.8101,1.6903,0.3545,3.74,0.23,0.0,0.0,0.451
566.649,-1.8101,1.6903,0.3546,3.76,0.23,0.0,0.0,0.451
566.749,-1.8101,1.6903,0.3546,3.74,0.23,0.0,0.0,0.451
566.849,-1.8101,1.6903,0.3546,3.74,0.23,0.0,0.0,0.451
566.949,-1.8101,1.6903,0.3546,3.74,0.23,0.0,0.0,0.451
567.049,-1.8101,1.6903,0.3546,3.73,0.23,0.0,0.0,0.451
567.149,-1.8101,1.6903,0.3546,3.73,0.23,0.0,0.0,0.451
567.249,-1.8101,1.6903,0.3546,3.73,0.23,0.0,0.0,0.451
567.349,-1.8101,1.6903,0.3546,3.73,0.23,0.0,0.0,0.451
567.449,-1.8101,1.6902,0.3547,3.68,0.24,0.0,0.0,0.451
567.549,-1.8101,1.6902,0.3547,3.72,0.23,0.0,0.0,0.451
567.649,-1.8102,1.6902,0.3547,3.71,0.23,0.0,0.0,0.451
567.749,-1.8102,1.6903,0.3547,3.72,0.23,0.0,0.0,0.451
567.849,-1.8102,1.6902,0.3547,3.71,0.23,0.0,0.0,0.451
567.949,-1.8102,1.6902,0.3548,3.72,0.23,0.0,0.0,0.451
568.049,-1.8102,1.6903,0.3548,3.75,0.23,0.0,0.0,0.451
568.149,-1.8102,1.6902,0.3548,3.74,0.23,0.0,0.0,0.451
568.249,-1.8102,1.6903,0.3548,3.74,0.23,0.0,0.0,0.451
568.349,-1.8102,1.6903,0.3548,3.74,0.23,0.0,0.0,0.451
568.449,-1.8102,1.6902,0.3548,3.73,0.23,0.0,0.0,0.451
568.549,-1.8102,1.6902,0.3548,3.7,0.23,0.0,0.0,0.451
568.649,-1.8102,1.6902,0.3549,3.7,0.23,0.0,0.0,0.451
568.749,-1.8102,1.6902,0.3549,3.68,0.23,0.0,0.0,0.451
568.849,-1.8103,1.6903,0.3549,3.75,0.23,0.0,0.0,0.451
568.949,-1.8102,1.6903,0.3549,3.75,0.23,0.0,0.0,0.451
569.049,-1.8102,1.6903,0.3549,3.74,0.23,0.0,0.0,0.451
569.149,-1.8102,1.6903,0.3549,3.73,0.23,0.0,0.0,0.451
569.249,-1.8102,1.6903,0.3549,3.73,0.23,0.0,0.0,0.451
569.349,-1.8102,1.6903,0.355,3.73,0.23,0.0,0.0,0.451
569.449,-1.8102,1.6903,0.355,3.74,0.23,0.0,0.0,0.451
569.549,-1.8102,1.6903,0.355,3.75,0.23,0.0,0.0,0.451
569.649,-1.8103,1.6903,0.355,3.74,0.23,0.0,0.0,0.451
569.749,-1.8103,1.6903,0.355,3.75,0.23,0.0,0.0,0.451
569.849,-1.8103,1.6903,0.355,3.7,0.23,0.0,0.0,0.451
569.949,-1.8103,1.6903,0.355,3.74,0.23,0.0,0.0,0.451
570.049,-1.8103,1.6903,0.355,3.72,0.23,0.0,0.0,0.451
570.149,-1.8103,1.6903,0.355,3.71,0.23,0.0,0.0,0.451
570.249,-1.8103,1.6903,0.355,3.72,0.23,0.0,0.0,0.451
570.349,-1.8103,1.6903,0.355,3.73,0.23,0.0,0.0,0.451
570.449,-1.8103,1.6903,0.355,3.71,0.23,0.0,0.0,0.451
570.549,-1.8103,1.6902,0.355,3.7,0.23,0.0,0.0,0.451
570.649,-1.8103,1.6903,0.355,3.74,0.23,0.0,0.0,0.451
570.749,-1.8103,1.6902,0.3551,3.72,0.23,0.0,0.0,0.451
570.849,-1.8103,1.6902,0.3551,3.71,0.23,0.0,0.0,0.451
570.949,-1.8103,1.6902,0.3551,3.72,0.23,0.0,0.0,0.451
571.049,-1.8103,1.6902,0.3551,3.72,0.23,0.0,0.0,0.451
571.149,-1.8103,1.6902,0.3551,3.71,0.23,0.0,0.0,0.451
571.249,-1.8103,1.6902,0.3551,3.69,0.24,0.0,0.0,0.451
571.349,-1.8103,1.6902,0.3551,3.69,0.23,0.0,0.0,0.451
571.449,-1.8103,1.6902,0.3551,3.7,0.23,0.0,0.0,0.451
571.549,-1.8103,1.6902,0.3551,3.71,0.23,0.0,0.0,0.451
571.649,-1.8103,1.6902,0.3551,3.68,0.24,0.0,0.0,0.451
571.749,-1.8103,1.6902,0.3551,3.7,0.23,0.0,0.0,0.451
571.849,-1.8103,1.6902,0.3552,3.69,0.23,0.0,0.0,0.451
571.949,-1.8103,1.6902,0.3552,3.71,0.23,0.0,0.0,0.451
572.049,-1.8103,1.6902,0.3552,3.71,0.23,0.0,0.0,0.451
572.149,-1.8103,1.6902,0.3552,3.73,0.23,0.0,0.0,0.451
572.249,-1.8103,1.6903,0.3552,3.73,0.23,0.0,0.0,0.451
572.349,-1.8103,1.6902,0.3552,3.72,0.23,0.0,0.0,0.451
572.449,-1.8103,1.6902,0.3552,3.7,0.23,0.0,0.0,0.451
572.549,-1.8103,1.6902,0.3552,3.71,0.23,0.0,0.0,0.451
572.649,-1.8103,1.6902,0.3552,3.66,0.24,0.0,0.0,0.451
572.749,-1.8104,1.6902,0.3552,3.7,0.23,0.0,0.0,0.451
572.849,-1.8103,1.6902,0.3552,3.71,0.23,0.0,0.0,0.451
572.949,-1.8103,1.6902,0.3552,3.71,0.23,0.0,0.0,0.451
573.049,-1.8103,1.6902,0.3552,3.72,0.23,0.0,0.0,0.451
573.149,-1.8103,1.6902,0.3552,3.76,0.23,0.0,0.0,0.451
573.249,-1.8103,1.6903,0.3552,3.8,0.23,0.0,0.0,0.451
573.349,-1.8104,1.6903,0.3552,3.82,0.23,0.0,0.0,0.451
573.449,-1.8104,1.6903,0.3552,3.76,0.23,0.0,0.0,0.451
573.549,-1.8104,1.6902,0.3551,3.58,0.23,0.0,0.0,0.451
573.649,-1.8104,1.6902,0.3551,3.64,0.23,0.0,0.0,0.451
573.749,-1.8104,1.6902,0.3551,3.71,0.23,0.0,0.0,0.451
573.849,-1.8104,1.6904,0.3551,4.06,0.22,0.0,0.0,0.451
573.949,-1.8104,1.6905,0.3551,4.04,0.22,0.0,0.0,0.451
574.049,-1.8104,1.6904,0.355,3.95,0.22,0.0,0.0,0.451
574.149,-1.8104,1.6902,0.355,3.74,0.23,0.0,0.0,0.451
574.249,-1.8104,1.6902,0.355,3.71,0.23,0.0,0.0,0.451
574.349,-1.8104,1.6902,0.355,3.81,0.23,0.0,0.0,0.451
574.449,-1.8104,1.6902,0.355,3.79,0.23,0.0,0.0,0.451
574.549,-1.8104,1.6903,0.355,3.84,0.22,0.0,0.0,0.451
574.649,-1.8104,1.6903,0.3549,3.74,0.23,0.0,0.0,0.451
574.749,-1.8104,1.6901,0.3549,3.67,0.23,0.0,0.0,0.451
574.849,-1.8104,1.6902,0.3549,3.68,0.23,0.0,0.0,0.451
574.949,-1.8104,1.6902,0.355,3.7,0.23,0.0,0.0,0.451
575.049,-1.8104,1.6902,0.355,3.71,0.23,0.0,0.0,0.451
575.149,-1.8104,1.6902,0.355,3.72,0.23,0.0,0.0,0.451
575.249,-1.8104,1.6902,0.355,3.72,0.23,0.0,0.0,0.451
575.349,-1.8104,1.6902,0.355,3.71,0.23,0.0,0.0,0.451
575.449,-1.8104,1.6902,0.355,3.73,0.23,0.0,0.0,0.451
575.549,-1.8104,1.6902,0.355,3.73,0.23,0.0,0.0,0.451
575.649,-1.8103,1.6902,0.355,3.73,0.23,0.0,0.0,0.451
575.749,-1.8103,1.6902,0.355,3.75,0.23,0.0,0.0,0.451
575.849,-1.8103,1.6902,0.355,3.73,0.23,0.0,0.0,0.451
575.949,-1.8104,1.6902,0.355,3.62,0.23,0.0,0.0,0.451
576.049,-1.8104,1.6902,0.3551,3.61,0.23,0.0,0.0,0.451
576.149,-1.8104,1.6902,0.3551,3.65,0.23,0.0,0.0,0.451
576.249,-1.8104,1.6902,0.3551,3.7,0.23,0.0,0.0,0.451
576.349,-1.8104,1.6902,0.3551,3.72,0.23,0.0,0.0,0.451
576.449,-1.8104,1.6902,0.3551,3.73,0.23,0.0,0.0,0.451
576.549,-1.8104,1.6902,0.3551,3.71,0.23,0.0,0.0,0.451
576.649,-1.8103,1.6902,0.3551,3.71,0.23,0.0,0.0,0.451
576.749,-1.8103,1.6902,0.3551,3.71,0.23,0.0,0.0,0.451
576.849,-1.8103,1.6903,0.3551,3.74,0.23,0.0,0.0,0.451
576.949,-1.8103,1.6903,0.3551,3.76,0.23,0.0,0.0,0.451
577.049,-1.8103,1.6903,0.3551,3.72,0.23,0.0,0.0,0.451
577.149,-1.8104,1.6902,0.3551,3.73,0.23,0.0,0.0,0.451
577.249,-1.8104,1.6903,0.3551,3.72,0.23,0.0,0.0,0.451
577.349,-1.8104,1.6902,0.3551,3.65,0.23,0.0,0.0,0.451
577.449,-1.8104,1.6902,0.3551,3.67,0.23,0.0,0.0,0.451
577.549,-1.8104,1.6902,0.3551,3.72,0.23,0.0,0.0,0.451
577.649,-1.8104,1.6902,0.3551,3.76,0.23,0.0,0.0,0.451
577.749,-1.8104,1.6903,0.3551,3.82,0.23,0.0,0.0,0.451
577.849,-1.8104,1.6903,0.3551,3.76,0.23,0.0,0.0,0.451
577.949,-1.8104,1.6903,0.3551,3.73,0.23,0.0,0.0,0.451
578.049,-1.8104,1.6902,0.3551,3.72,0.23,0.0,0.0,0.451
578.149,-1.8104,1.6903,0.3551,3.75,0.23,0.0,0.0,0.451
578.249,-1.8104,1.6903,0.3551,3.77,0.23,0.0,0.0,0.451
578.349,-1.8104,1.6903,0.3551,3.74,0.23,0.0,0.0,0.451
578.449,-1.8104,1.6903,0.3551,3.74,0.23,0.0,0.0,0.451
578.549,-1.8104,1.6903,0.3551,3.73,0.23,0.0,0.0,0.451
578.649,-1.8104,1.6902,0.3551,3.68,0.24,0.0,0.0,0.451
578.749,-1.8104,1.6902,0.3552,3.71,0.23,0.0,0.0,0.451
578.849,-1.8104,1.6903,0.3552,3.73,0.23,0.0,0.0,0.451
578.949,-1.8104,1.6903,0.3552,3.76,0.23,0.0,0.0,0.451
579.049,-1.8104,1.6903,0.3552,3.75,0.23,0.0,0.0,0.451
579.149,-1.8104,1.6903,0.3552,3.7,0.23,0.0,0.0,0.451
579.249,-1.8104,1.6902,0.3552,3.65,0.24,0.0,0.0,0.451
579.349,-1.8104,1.6902,0.3552,3.67,0.24,0.0,0.0,0.451
579.449,-1.8104,1.6902,0.3552,3.69,0.23,0.0,0.0,0.451
579.549,-1.8104,1.6902,0.3552,3.73,0.23,0.0,0.0,0.451
579.649,-1.8104,1.6902,0.3552,3.66,0.23,0.0,0.0,0.451
579.749,-1.8104,1.6902,0.3552,3.67,0.23,0.0,0.0,0.451
579.849,-1.8104,1.6902,0.3552,3.67,0.23,0.0,0.0,0.451
579.949,-1.8104,1.6902,0.3552,3.7,0.23,0.0,0.0,0.451
580.049,-1.8104,1.6902,0.3552,3.7,0.23,0.0,0.0,0.451
580.149,-1.8104,1.6902,0.3552,3.69,0.23,0.0,0.0,0.451
580.249,-1.8104,1.6902,0.3552,3.68,0.23,0.0,0.0,0.451
580.349,-1.8104,1.6902,0.3552,3.75,0.23,0.0,0.0,0.451
580.449,-1.8104,1.6903,0.3552,3.78,0.23,0.0,0.0,0.451
580.549,-1.8104,1.6903,0.3552,3.78,0.23,0.0,0.0,0.451
580.649,-1.8104,1.6903,0.3552,3.77,0.23,0.0,0.0,0.451
580.749,-1.8104,1.6903,0.3552,3.77,0.23,0.0,0.0,0.451
580.849,-1.8104,1.6902,0.3552,3.75,0.23,0.0,0.0,0.451
580.949,-1.8104,1.6903,0.3552,3.78,0.23,0.0,0.0,0.451
581.049,-1.8103,1.6902,0.3552,3.69,0.23,0.0,0.0,0.451
581.149,-1.8104,1.6902,0.3552,3.74,0.23,0.0,0.0,0.451
581.249,-1.8104,1.6902,0.3552,3.75,0.23,0.0,0.0,0.451
581.349,-1.8104,1.6902,0.3552,3.71,0.23,0.0,0.0,0.451
581.449,-1.8104,1.6902,0.3552,3.7,0.23,0.0,0.0,0.451
581.549,-1.8104,1.6902,0.3552,3.69,0.23,0.0,0.0,0.451
581.649,-1.8104,1.6902,0.3552,3.69,0.23,0.0,0.0,0.451
581.749,-1.8104,1.6902,0.3552,3.7,0.23,0.0,0.0,0.451
581.849,-1.8104,1.6902,0.3552,3.7,0.23,0.0,0.0,0.451
581.949,-1.8104,1.6902,0.3552,3.71,0.23,0.0,0.0,0.451
582.049,-1.8104,1.6902,0.3552,3.71,0.23,0.0,0.0,0.451
582.149,-1.8104,1.6902,0.3552,3.67,0.24,0.0,0.0,0.451
582.249,-1.8104,1.6902,0.3552,3.67,0.24,0.0,0.0,0.451
582.349,-1.8104,1.6902,0.3552,3.74,0.23,0.0,0.0,0.451
582.449,-1.8104,1.6902,0.3552,3.74,0.23,0.0,0.0,0.451
582.549,-1.8104,1.6902,0.3552,3.79,0.23,0.0,0.0,0.451
582.649,-1.8104,1.6903,0.3552,3.8,0.23,0.0,0.0,0.451
582.749,-1.8104,1.6903,0.3552,3.78,0.23,0.0,0.0,0.451
582.849,-1.8104,1.6902,0.3552,3.75,0.23,0.0,0.0,0.451
582.949,-1.8104,1.6902,0.3552,3.66,0.23,0.0,0.0,0.451
583.049,-1.8104,1.6902,0.3552,3.59,0.23,0.0,0.0,0.451
583.149,-1.8104,1.69,0.3552,3.43,0.24,0.0,0.0,0.451
583.249,-1.8104,1.6901,0.3552,3.64,0.23,0.0,0.0,0.451
583.349,-1.8104,1.6902,0.3552,3.59,0.24,0.0,0.0,0.451
583.449,-1.8104,1.6902,0.3552,3.61,0.24,0.0,0.0,0.451
583.549,-1.8104,1.6902,0.3553,3.66,0.23,0.0,0.0,0.451
583.649,-1.8104,1.6902,0.3553,3.66,0.23,0.0,0.0,0.451
583.749,-1.8104,1.6902,0.3553,3.69,0.23,0.0,0.0,0.451
583.849,-1.8104,1.6902,0.3553,3.67,0.23,0.0,0.0,0.451
583.949,-1.8104,1.6903,0.3553,3.8,0.23,0.0,0.0,0.451
584.049,-1.8104,1.6903,0.3552,3.69,0.23,0.0,0.0,0.451
584.149,-1.8104,1.6902,0.3552,3.67,0.23,0.0,0.0,0.451
584.249,-1.8104,1.6902,0.3552,3.69,0.23,0.0,0.0,0.451
584.349,-1.8104,1.6902,0.3552,3.7,0.23,0.0,0.0,0.451
584.449,-1.8104,1.6903,0.3552,3.75,0.23,0.0,0.0,0.451
584.549,-1.8104,1.6903,0.3552,3.8,0.23,0.0,0.0,0.451
584.649,-1.8104,1.6903,0.3552,3.87,0.23,0.0,0.0,0.451
584.749,-1.8104,1.6903,0.3552,3.89,0.23,0.0,0.0,0.451
584.849,-1.8104,1.6904,0.3552,3.94,0.22,0.0,0.0,0.451
584.949,-1.8104,1.6904,0.3552,3.96,0.22,0.0,0.0,0.451
585.049,-1.8104,1.6903,0.3552,3.82,0.23,0.0,0.0,0.451
585.149,-1.8104,1.6902,0.3552,3.7,0.23,0.0,0.0,0.451
585.249,-1.8104,1.6902,0.3552,3.68,0.23,0.0,0.0,0.451
585.349,-1.8104,1.6903,0.3552,3.88,0.23,0.0,0.0,0.451
585.449,-1.8104,1.6904,0.3552,3.85,0.23,0.0,0.0,0.451
585.549,-1.8104,1.6903,0.3551,3.79,0.23,0.0,0.0,0.451
585.649,-1.8104,1.6903,0.3551,3.77,0.23,0.0,0.0,0.451
585.749,-1.8104,1.6902,0.3551,3.87,0.23,0.0,0.0,0.451
585.849,-1.8104,1.6905,0.3551,3.89,0.23,0.0,0.0,0.451
585.949,-1.8104,1.6903,0.3551,3.73,0.23,0.0,0.0,0.451
586.049,-1.8104,1.6903,0.3551,3.68,0.23,0.0,0.0,0.451
586.149,-1.8104,1.6903,0.3551,3.63,0.23,0.0,0.0,0.451
586.249,-1.8103,1.6903,0.3551,3.85,0.23,0.0,0.0,0.451
586.349,-1.8103,1.6904,0.3551,3.85,0.23,0.0,0.0,0.451
586.449,-1.8103,1.6903,0.3551,3.8,0.23,0.0,0.0,0.451
586.549,-1.8104,1.6902,0.3551,3.63,0.24,0.0,0.0,0.451
586.649,-1.8104,1.6901,0.3551,3.67,0.23,0.0,0.0,0.451
586.749,-1.8104,1.6902,0.3551,3.66,0.23,0.0,0.0,0.451
586.849,-1.8104,1.6902,0.3551,3.71,0.23,0.0,0.0,0.451
586.949,-1.8103,1.6903,0.3551,3.71,0.23,0.0,0.0,0.451
587.049,-1.8104,1.6903,0.3551,3.73,0.23,0.0,0.0,0.451
587.149,-1.8104,1.6903,0.3551,3.68,0.23,0.0,0.0,0.451
587.249,-1.8104,1.6903,0.3551,3.76,0.23,0.0,0.0,0.451
587.349,-1.8104,1.6903,0.3551,3.65,0.23,0.0,0.0,0.451
587.449,-1.8104,1.6903,0.3551,3.71,0.23,0.0,0.0,0.451
587.549,-1.8104,1.6903,0.3551,3.73,0.23,0.0,0.0,0.451
587.649,-1.8104,1.6903,0.3551,3.67,0.23,0.0,0.0,0.451
587.749,-1.8104,1.6902,0.3551,3.65,0.23,0.0,0.0,0.451
587.849,-1.8104,1.6902,0.3551,3.65,0.23,0.0,0.0,0.451
587.949,-1.8104,1.6903,0.3551,3.77,0.23,0.0,0.0,0.451
588.049,-1.8104,1.6903,0.3551,3.74,0.23,0.0,0.0,0.451
588.149,-1.8104,1.6903,0.3551,3.79,0.23,0.0,0.0,0.451
588.249,-1.8104,1.6902,0.355,3.64,0.23,0.0,0.0,0.451
588.349,-1.8104,1.6902,0.3551,3.6,0.24,0.0,0.0,0.451
588.449,-1.8104,1.6902,0.3551,3.68,0.23,0.0,0.0,0.451
588.549,-1.8104,1.6902,0.3551,3.66,0.23,0.0,0.0,0.451
588.649,-1.8104,1.6903,0.3551,3.74,0.23,0.0,0.0,0.451
588.749,-1.8104,1.6903,0.3551,3.75,0.23,0.0,0.0,0.451
588.849,-1.8104,1.6903,0.3551,3.73,0.23,0.0,0.0,0.451
588.949,-1.8104,1.6902,0.3551,3.72,0.23,0.0,0.0,0.451
589.049,-1.8104,1.6902,0.3551,3.73,0.23,0.0,0.0,0.451
589.149,-1.8104,1.6903,0.3551,3.74,0.23,0.0,0.0,0.451
589.249,-1.8104,1.6903,0.3551,3.74,0.23,0.0,0.0,0.451
589.349,-1.8104,1.6903,0.3551,3.76,0.23,0.0,0.0,0.451
589.449,-1.8104,1.6903,0.3551,3.8,0.23,0.0,0.0,0.451
589.549,-1.8104,1.6903,0.3551,3.8,0.23,0.0,0.0,0.451
589.649,-1.8104,1.6903,0.3551,3.83,0.23,0.0,0.0,0.451
589.749,-1.8104,1.6903,0.3551,3.76,0.23,0.0,0.0,0.451
589.849,-1.8104,1.6903,0.3551,3.77,0.23,0.0,0.0,0.451
589.949,-1.8104,1.6903,0.3551,3.74,0.23,0.0,0.0,0.451
590.049,-1.8104,1.6902,0.3551,3.72,0.23,0.0,0.0,0.451
590.149,-1.8104,1.6902,0.3551,3.71,0.23,0.0,0.0,0.451
590.249,-1.8104,1.6902,0.3551,3.71,0.23,0.0,0.0,0.451
590.349,-1.8104,1.6902,0.3551,3.66,0.23,0.0,0.0,0.451
590.449,-1.8104,1.6902,0.3551,3.67,0.23,0.0,0.0,0.451
590.549,-1.8104,1.6902,0.3551,3.68,0.23,0.0,0.0,0.451
590.649,-1.8104,1.6902,0.3551,3.68,0.23,0.0,0.0,0.451
590.749,-1.8104,1.6902,0.3551,3.71,0.23,0.0,0.0,0.451
590.849,-1.8104,1.6902,0.3551,3.71,0.23,0.0,0.0,0.451
590.949,-1.8104,1.6902,0.3551,3.72,0.23,0.0,0.0,0.451
591.049,-1.8104,1.6903,0.3551,3.77,0.23,0.0,0.0,0.451
591.149,-1.8104,1.6903,0.3551,3.82,0.23,0.0,0.0,0.451
591.249,-1.8104,1.6903,0.3551,3.8,0.23,0.0,0.0,0.451
591.349,-1.8104,1.6903,0.3551,3.84,0.23,0.0,0.0,0.451
591.449,-1.8104,1.6903,0.3551,3.79,0.23,0.0,0.0,0.451
591.549,-1.8104,1.6903,0.3551,3.75,0.23,0.0,0.0,0.451
591.649,-1.8104,1.6903,0.3551,3.75,0.23,0.0,0.0,0.451
591.749,-1.8104,1.6903,0.3551,3.75,0.23,0.0,0.0,0.451
591.849,-1.8104,1.6903,0.3551,3.75,0.23,0.0,0.0,0.451
591.949,-1.8104,1.6903,0.3551,3.74,0.23,0.0,0.0,0.451
592.049,-1.8104,1.6903,0.3551,3.74,0.23,0.0,0.0,0.451
592.149,-1.8104,1.6903,0.3551,3.74,0.24,0.0,0.0,0.451
592.249,-1.8104,1.6902,0.3551,3.73,0.24,0.0,0.0,0.451
592.349,-1.8104,1.6902,0.3551,3.71,0.24,0.0,0.0,0.451
592.449,-1.8104,1.6902,0.3551,3.72,0.23,0.0,0.0,0.451
592.549,-1.8103,1.6903,0.3551,3.74,0.23,0.0,0.0,0.451
592.649,-1.8103,1.6903,0.3551,3.74,0.23,0.0,0.0,0.451
592.749,-1.8103,1.6902,0.3551,3.72,0.23,0.0,0.0,0.451
592.849,-1.8103,1.6902,0.3551,3.71,0.23,0.0,0.0,0.451
592.949,-1.8103,1.6902,0.3551,3.72,0.23,0.0,0.0,0.451
593.049,-1.8104,1.6902,0.3551,3.74,0.23,0.0,0.0,0.451
593.149,-1.8104,1.6903,0.3551,3.75,0.23,0.0,0.0,0.451
593.249,-1.8104,1.6903,0.3551,3.8,0.23,0.0,0.0,0.451
593.349,-1.8104,1.6903,0.3551,3.78,0.23,0.0,0.0,0.451
593.449,-1.8104,1.6903,0.3551,3.76,0.23,0.0,0.0,0.451
593.549,-1.8104,1.6903,0.3551,3.75,0.23,0.0,0.0,0.451
593.649,-1.8104,1.6903,0.3551,3.75,0.23,0.0,0.0,0.451
593.749,-1.8104,1.6903,0.3551,3.75,0.23,0.0,0.0,0.451
593.849,-1.8104,1.6903,0.3551,3.76,0.23,0.0,0.0,0.451
593.949,-1.8104,1.6903,0.3551,3.76,0.23,0.0,0.0,0.451
594.049,-1.8104,1.6903,0.3551,3.76,0.23,0.0,0.0,0.451
594.149,-1.8104,1.6903,0.3551,3.75,0.23,0.0,0.0,0.451
594.249,-1.8104,1.6903,0.3551,3.75,0.23,0.0,0.0,0.451
594.349,-1.8104,1.6903,0.3551,3.74,0.23,0.0,0.0,0.451
594.449,-1.8103,1.6903,0.3551,3.76,0.23,0.0,0.0,0.451
594.549,-1.8103,1.6903,0.3551,3.77,0.23,0.0,0.0,0.451
594.649,-1.8103,1.6903,0.3551,3.79,0.23,0.0,0.0,0.451
594.749,-1.8104,1.6903,0.3551,3.78,0.23,0.0,0.0,0.451
594.849,-1.8104,1.6903,0.3551,3.71,0.23,0.0,0.0,0.451
594.949,-1.8104,1.6903,0.3551,3.75,0.23,0.0,0.0,0.451
595.049,-1.8104,1.6902,0.3551,3.72,0.23,0.0,0.0,0.451
595.149,-1.8104,1.6903,0.3551,3.85,0.23,0.0,0.0,0.451
595.249,-1.8104,1.6904,0.3551,3.78,0.23,0.0,0.0,0.451
595.349,-1.8104,1.6903,0.3551,3.72,0.23,0.0,0.0,0.451
595.449,-1.8104,1.6903,0.3551,3.75,0.23,0.0,0.0,0.451
595.549,-1.8104,1.6903,0.355,3.78,0.23,0.0,0.0,0.451
595.649,-1.8104,1.6903,0.355,3.78,0.23,0.0,0.0,0.451
595.749,-1.8104,1.6903,0.355,3.82,0.22,0.0,0.0,0.451
595.849,-1.8104,1.6903,0.355,3.78,0.23,0.0,0.0,0.451
595.949,-1.8104,1.6903,0.355,3.75,0.23,0.0,0.0,0.451
596.049,-1.8104,1.6903,0.3551,3.73,0.23,0.0,0.0,0.451
596.149,-1.8104,1.6902,0.3551,3.67,0.24,0.0,0.0,0.451
596.249,-1.8104,1.6902,0.3551,3.67,0.24,0.0,0.0,0.451
596.349,-1.8104,1.6903,0.3551,3.73,0.23,0.0,0.0,0.451
596.449,-1.8104,1.6902,0.3551,3.7,0.23,0.0,0.0,0.451
596.549,-1.8104,1.6902,0.3551,3.67,0.24,0.0,0.0,0.451
596.649,-1.8104,1.6903,0.3551,3.76,0.23,0.0,0.0,0.451
596.749,-1.8104,1.6903,0.3551,3.75,0.23,0.0,0.0,0.451
596.849,-1.8104,1.6903,0.3551,3.73,0.23,0.0,0.0,0.451
596.949,-1.8104,1.6903,0.3551,3.74,0.23,0.0,0.0,0.451
597.049,-1.8104,1.6903,0.3552,3.74,0.23,0.0,0.0,0.451
597.149,-1.8104,1.6903,0.3552,3.73,0.23,0.0,0.0,0.451
597.249,-1.8104,1.6903,0.3552,3.75,0.23,0.0,0.0,0.451
597.349,-1.8104,1.6903,0.3552,3.76,0.23,0.0,0.0,0.451
597.449,-1.8104,1.6903,0.3552,3.74,0.24,0.0,0.0,0.451
597.549,-1.8104,1.6903,0.3552,3.77,0.23,0.0,0.0,0.451
597.649,-1.8104,1.6903,0.3552,3.72,0.24,0.0,0.0,0.451
597.749,-1.8104,1.6903,0.3552,3.69,0.24,0.0,0.0,0.451
597.849,-1.8104,1.6903,0.3552,3.76,0.23,0.0,0.0,0.451
597.949,-1.8104,1.6903,0.3551,3.8,0.23,0.0,0.0,0.451
598.049,-1.8104,1.6903,0.3551,3.81,0.23,0.0,0.0,0.451
598.149,-1.8104,1.6904,0.3551,3.92,0.23,0.0,0.0,0.451
598.249,-1.8104,1.6904,0.3551,3.84,0.23,0.0,0.0,0.451
598.349,-1.8104,1.6903,0.3551,3.77,0.23,0.0,0.0,0.451
598.449,-1.8104,1.6903,0.3551,3.74,0.24,0.0,0.0,0.451
598.549,-1.8104,1.6903,0.3551,3.75,0.23,0.0,0.0,0.451
598.649,-1.8104,1.6903,0.3551,3.76,0.23,0.0,0.0,0.451
598.749,-1.8104,1.6903,0.3551,3.81,0.23,0.0,0.0,0.451
598.849,-1.8104,1.6903,0.3551,3.73,0.23,0.0,0.0,0.451
598.949,-1.8104,1.6902,0.3551,3.67,0.23,0.0,0.0,0.451
599.049,-1.8104,1.6903,0.3551,3.8,0.23,0.0,0.0,0.451
599.149,-1.8104,1.6905,0.3551,4.03,0.23,0.0,0.0,0.451
599.249,-1.8104,1.6905,0.3551,3.97,0.22,0.0,0.0,0.451
599.349,-1.8104,1.6904,0.3551,3.84,0.23,0.0,0.0,0.451
599.449,-1.8104,1.6903,0.3551,3.82,0.23,0.0,0.0,0.451
599.549,-1.8104,1.6904,0.355,3.9,0.23,0.0,0.0,0.451
599.649,-1.8104,1.6904,0.355,3.93,0.22,0.0,0.0,0.451
599.749,-1.8104,1.6904,0.355,4.0,0.22,0.0,0.0,0.451
599.849,-1.8104,1.6904,0.355,3.94,0.22,0.0,0.0,0.451
599.949,-1.8104,1.6904,0.3549,3.85,0.23,0.0,0.0,0.451
600.049,-1.8104,1.6902,0.3549,3.79,0.23,0.0,0.0,0.451
600.149,-1.8104,1.6903,0.3549,3.79,0.23,0.0,0.0,0.451
600.249,-1.8104,1.6903,0.3549,3.77,0.23,0.0,0.0,0.451
600.349,-1.8104,1.6903,0.3549,3.78,0.23,0.0,0.0,0.451
600.449,-1.8104,1.6903,0.3549,3.82,0.23,0.0,0.0,0.451
600.549,-1.8104,1.6903,0.3549,3.73,0.23,0.0,0.0,0.451
600.649,-1.8104,1.6902,0.3549,3.63,0.23,0.0,0.0,0.451
600.749,-1.8104,1.6901,0.355,3.62,0.24,0.0,0.0,0.451
600.849,-1.8104,1.6902,0.355,3.68,0.23,0.0,0.0,0.451
600.949,-1.8104,1.6902,0.355,3.7,0.23,0.0,0.0,0.451
601.049,-1.8104,1.6902,0.355,3.72,0.23,0.0,0.0,0.451
601.149,-1.8104,1.6902,0.355,3.7,0.23,0.0,0.0,0.451
601.249,-1.8104,1.6902,0.355,3.66,0.23,0.0,0.0,0.451
601.349,-1.8104,1.6902,0.3551,3.72,0.23,0.0,0.0,0.451
601.449,-1.8104,1.6903,0.3551,3.87,0.22,0.0,0.0,0.451
601.549,-1.8104,1.6905,0.355,4.12,0.22,0.0,0.0,0.451
601.649,-1.8104,1.6905,0.355,4.03,0.22,0.0,0.0,0.451
601.749,-1.8104,1.6904,0.355,3.96,0.23,0.0,0.0,0.451
601.849,-1.8104,1.6903,0.355,3.83,0.23,0.0,0.0,0.451
601.949,-1.8104,1.6902,0.355,3.75,0.23,0.0,0.0,0.451
602.049,-1.8104,1.6902,0.355,3.77,0.23,0.0,0.0,0.451
602.149,-1.8104,1.6903,0.355,3.96,0.22,0.0,0.0,0.451
602.249,-1.8104,1.6903,0.355,3.94,0.22,0.0,0.0,0.451
602.349,-1.8104,1.6903,0.355,3.82,0.23,0.0,0.0,0.451
602.449,-1.8104,1.6902,0.355,3.77,0.23,0.0,0.0,0.451
602.549,-1.8104,1.6902,0.355,3.75,0.23,0.0,0.0,0.451
602.649,-1.8104,1.6902,0.3551,3.71,0.23,0.0,0.0,0.451
602.749,-1.8104,1.6902,0.3551,3.67,0.24,0.0,0.0,0.451
602.849,-1.8104,1.6902,0.3551,3.7,0.23,0.0,0.0,0.451
602.949,-1.8104,1.6902,0.3551,3.74,0.23,0.0,0.0,0.451
603.049,-1.8104,1.6903,0.3551,3.74,0.23,0.0,0.0,0.451
603.149,-1.8104,1.6902,0.3551,3.7,0.23,0.0,0.0,0.451
603.249,-1.8104,1.6902,0.3551,3.69,0.23,0.0,0.0,0.451
603.349,-1.8104,1.6903,0.3551,3.8,0.23,0.0,0.0,0.451
603.449,-1.8104,1.6904,0.3551,3.87,0.23,0.0,0.0,0.451
603.549,-1.8104,1.6904,0.3551,3.89,0.22,0.0,0.0,0.451
603.649,-1.8104,1.6904,0.3551,3.84,0.23,0.0,0.0,0.451
603.749,-1.8104,1.6903,0.3551,3.66,0.23,0.0,0.0,0.451
603.849,-1.8104,1.6902,0.3551,3.79,0.23,0.0,0.0,0.451
603.949,-1.8104,1.6902,0.3551,3.75,0.23,0.0,0.0,0.451
604.049,-1.8104,1.6902,0.3551,3.72,0.23,0.0,0.0,0.451
604.149,-1.8104,1.6902,0.3552,3.69,0.23,0.0,0.0,0.451
604.249,-1.8104,1.6902,0.3552,3.66,0.23,0.0,0.0,0.451
604.349,-1.8104,1.6902,0.3552,3.63,0.24,0.0,0.0,0.451
604.449,-1.8104,1.6901,0.3552,3.6,0.24,0.0,0.0,0.451
604.549,-1.8104,1.6902,0.3552,3.71,0.23,0.0,0.0,0.451
604.649,-1.8104,1.6902,0.3552,3.72,0.23,0.0,0.0,0.451
604.749,-1.8104,1.6902,0.3552,3.71,0.23,0.0,0.0,0.451
604.849,-1.8104,1.6902,0.3552,3.71,0.23,0.0,0.0,0.451
604.949,-1.8104,1.6902,0.3552,3.71,0.23,0.0,0.0,0.451
605.049,-1.8104,1.6902,0.3552,3.68,0.24,0.0,0.0,0.451
605.149,-1.8104,1.6902,0.3552,3.7,0.23,0.0,0.0,0.451
605.249,-1.8104,1.6902,0.3552,3.74,0.23,0.0,0.0,0.451
605.349,-1.8104,1.6902,0.3552,3.74,0.23,0.0,0.0,0.451
605.449,-1.8104,1.6902,0.3552,3.71,0.23,0.0,0.0,0.451
605.549,-1.8104,1.6902,0.3552,3.72,0.24,0.0,0.0,0.451
605.649,-1.8104,1.6902,0.3552,3.73,0.23,0.0,0.0,0.451
605.749,-1.8104,1.6902,0.3552,3.73,0.23,0.0,0.0,0.451
605.849,-1.8104,1.6902,0.3552,3.73,0.23,0.0,0.0,0.451
605.949,-1.8104,1.6902,0.3552,3.75,0.23,0.0,0.0,0.451
606.049,-1.8104,1.6903,0.3552,3.75,0.23,0.0,0.0,0.451
606.149,-1.8103,1.6903,0.3552,3.74,0.23,0.0,0.0,0.451
606.249,-1.8103,1.6902,0.3552,3.75,0.23,0.0,0.0,0.451
606.349,-1.8103,1.6902,0.3552,3.76,0.23,0.0,0.0,0.451
606.449,-1.8103,1.6902,0.3552,3.74,0.23,0.0,0.0,0.451
606.549,-1.8104,1.6902,0.3552,3.73,0.23,0.0,0.0,0.451
606.649,-1.8103,1.6903,0.3552,3.75,0.23,0.0,0.0,0.451
606.749,-1.8103,1.6902,0.3552,3.72,0.23,0.0,0.0,0.451
606.849,-1.8103,1.6902,0.3552,3.73,0.23,0.0,0.0,0.451
606.949,-1.8103,1.6903,0.3552,3.74,0.23,0.0,0.0,0.451
607.049,-1.8103,1.6903,0.3552,3.74,0.23,0.0,0.0,0.451
607.149,-1.8103,1.6903,0.3552,3.76,0.23,0.0,0.0,0.451
607.249,-1.8103,1.6903,0.3552,3.74,0.23,0.0,0.0,0.451
607.349,-1.8103,1.6903,0.3552,3.74,0.23,0.0,0.0,0.451
607.449,-1.8103,1.6903,0.3552,3.73,0.23,0.0,0.0,0.451
607.549,-1.8103,1.6903,0.3552,3.74,0.23,0.0,0.0,0.451
607.649,-1.8103,1.6902,0.3552,3.7,0.24,0.0,0.0,0.451
607.749,-1.8103,1.6902,0.3552,3.7,0.24,0.0,0.0,0.451
607.849,-1.8103,1.6902,0.3552,3.7,0.24,0.0,0.0,0.451
607.949,-1.8104,1.6902,0.3552,3.75,0.23,0.0,0.0,0.451
608.049,-1.8104,1.6903,0.3552,3.76,0.23,0.0,0.0,0.451
608.149,-1.8104,1.6903,0.3552,3.73,0.23,0.0,0.0,0.451
608.249,-1.8104,1.6903,0.3552,3.86,0.23,0.0,0.0,0.451
608.349,-1.8104,1.6903,0.3552,3.74,0.23,0.0,0.0,0.451
608.449,-1.8104,1.6903,0.3551,3.73,0.23,0.0,0.0,0.451
608.549,-1.8104,1.6903,0.3551,3.73,0.23,0.0,0.0,0.451
608.649,-1.8104,1.6903,0.3551,3.75,0.23,0.0,0.0,0.451
608.749,-1.8104,1.6903,0.3551,3.7,0.23,0.0,0.0,0.451
608.849,-1.8104,1.6902,0.3551,3.66,0.23,0.0,0.0,0.451
608.949,-1.8104,1.6902,0.3551,3.62,0.23,0.0,0.0,0.451
609.049,-1.8104,1.6903,0.3551,3.74,0.23,0.0,0.0,0.451
609.149,-1.8104,1.6902,0.3551,3.5,0.24,0.0,0.0,0.451
609.249,-1.8104,1.6902,0.3552,3.66,0.24,0.0,0.0,0.451
609.349,-1.8104,1.6903,0.3552,3.74,0.23,0.0,0.0,0.451
609.449,-1.8104,1.6902,0.3552,3.67,0.23,0.0,0.0,0.451
609.549,-1.8104,1.6902,0.3552,3.65,0.23,0.0,0.0,0.451
609.649,-1.8104,1.6902,0.3552,3.64,0.23,0.0,0.0,0.451
609.749,-1.8104,1.6903,0.3552,3.78,0.23,0.0,0.0,0.451
609.849,-1.8104,1.6903,0.3552,3.76,0.23,0.0,0.0,0.451
609.949,-1.8104,1.6903,0.3552,3.8,0.23,0.0,0.0,0.451
610.049,-1.8104,1.6903,0.3552,3.79,0.23,0.0,0.0,0.451
610.149,-1.8104,1.6902,0.3552,3.7,0.23,0.0,0.0,0.451
610.249,-1.8104,1.6902,0.3552,3.7,0.23,0.0,0.0,0.451
610.349,-1.8104,1.6902,0.3552,3.74,0.23,0.0,0.0,0.451
610.449,-1.8104,1.6902,0.3552,3.75,0.23,0.0,0.0,0.451
610.549,-1.8104,1.6902,0.3552,3.71,0.23,0.0,0.0,0.451
610.649,-1.8104,1.6902,0.3552,3.69,0.24,0.0,0.0,0.451
610.749,-1.8104,1.6902,0.3552,3.71,0.23,0.0,0.0,0.451
610.849,-1.8104,1.6902,0.3553,3.63,0.24,0.0,0.0,0.451
610.949,-1.8104,1.6902,0.3553,3.72,0.23,0.0,0.0,0.451
611.049,-1.8104,1.6902,0.3553,3.72,0.24,0.0,0.0,0.451
611.149,-1.8104,1.6902,0.3553,3.69,0.24,0.0,0.0,0.451
611.249,-1.8104,1.6902,0.3553,3.8,0.23,0.0,0.0,0.451
611.349,-1.8104,1.6903,0.3553,3.76,0.23,0.0,0.0,0.451
611.45,-1.8104,1.6902,0.3552,3.64,0.24,0.0,0.0,0.451
611.549,-1.8104,1.6902,0.3552,3.78,0.23,0.0,0.0,0.451
611.649,-1.8104,1.6904,0.3552,3.81,0.23,0.0,0.0,0.451
611.749,-1.8104,1.6903,0.3552,3.72,0.23,0.0,0.0,0.451
611.849,-1.8104,1.6903,0.3552,3.68,0.23,0.0,0.0,0.451
611.949,-1.8104,1.6902,0.3552,3.69,0.23,0.0,0.0,0.451
612.049,-1.8104,1.6903,0.3552,3.78,0.23,0.0,0.0,0.451
612.149,-1.8104,1.6903,0.3552,3.79,0.22,0.0,0.0,0.451
612.249,-1.8104,1.6903,0.3552,3.65,0.23,0.0,0.0,0.451
612.349,-1.8104,1.6902,0.3552,3.55,0.23,0.0,0.0,0.451
612.449,-1.8104,1.6902,0.3551,3.82,0.23,0.0,0.0,0.451
612.549,-1.8104,1.6903,0.3551,3.82,0.23,0.0,0.0,0.451
612.649,-1.8104,1.6901,0.3551,3.69,0.23,0.0,0.0,0.451
612.749,-1.8104,1.6902,0.3551,3.83,0.23,0.0,0.0,0.451
612.849,-1.8104,1.6901,0.3551,3.55,0.24,0.0,0.0,0.451
612.949,-1.8104,1.6901,0.3551,3.66,0.23,0.0,0.0,0.451
613.049,-1.8104,1.6901,0.3551,3.52,0.23,0.0,0.0,0.451
613.149,-1.8104,1.6901,0.3551,3.61,0.23,0.0,0.0,0.451
613.249,-1.8104,1.6903,0.3551,3.83,0.23,0.0,0.0,0.451
613.349,-1.8104,1.6904,0.3551,3.85,0.23,0.0,0.0,0.451
613.449,-1.8104,1.6903,0.3551,3.63,0.23,0.0,0.0,0.451
613.549,-1.8104,1.6902,0.3551,3.61,0.23,0.0,0.0,0.451
613.649,-1.8104,1.6902,0.3551,3.66,0.23,0.0,0.0,0.451
613.749,-1.8103,1.6903,0.3551,3.78,0.23,0.0,0.0,0.451
613.849,-1.8104,1.6904,0.3551,3.8,0.23,0.0,0.0,0.451
613.949,-1.8104,1.6902,0.3551,3.52,0.23,0.0,0.0,0.451
614.049,-1.8104,1.6901,0.3551,3.55,0.23,0.0,0.0,0.451
614.149,-1.8104,1.6902,0.3552,3.67,0.23,0.0,0.0,0.451
614.25,-1.8104,1.6902,0.3552,3.56,0.23,0.0,0.0,0.451
614.349,-1.8104,1.69,0.3552,3.28,0.24,0.0,0.0,0.451
614.449,-1.8104,1.69,0.3552,3.52,0.23,0.0,0.0,0.451
614.549,-1.8104,1.6902,0.3552,3.47,0.23,0.0,0.0,0.451
614.649,-1.8104,1.6902,0.3552,3.64,0.23,0.0,0.0,0.451
614.749,-1.8104,1.6903,0.3552,3.68,0.24,0.0,0.0,0.451
614.849,-1.8104,1.6903,0.3552,3.73,0.23,0.0,0.0,0.451
614.949,-1.8104,1.6903,0.3552,3.69,0.23,0.0,0.0,0.451
615.049,-1.8104,1.6903,0.3552,3.77,0.23,0.0,0.0,0.451
615.149,-1.8104,1.6903,0.3552,3.72,0.23,0.0,0.0,0.451
615.249,-1.8104,1.6901,0.3552,3.54,0.24,0.0,0.0,0.451
615.349,-1.8104,1.6902,0.3552,3.67,0.23,0.0,0.0,0.451
615.449,-1.8104,1.6902,0.3552,3.68,0.23,0.0,0.0,0.451
615.549,-1.8104,1.6902,0.3552,3.7,0.23,0.0,0.0,0.451
615.649,-1.8104,1.6902,0.3552,3.72,0.23,0.0,0.0,0.451
615.749,-1.8104,1.6902,0.3552,3.7,0.23,0.0,0.0,0.451
615.849,-1.8104,1.6903,0.3552,3.78,0.23,0.0,0.0,0.451
615.949,-1.8104,1.6903,0.3552,3.79,0.23,0.0,0.0,0.451
616.049,-1.8104,1.6903,0.3552,3.77,0.23,0.0,0.0,0.451
616.149,-1.8104,1.6902,0.3552,3.75,0.23,0.0,0.0,0.451
616.25,-1.8104,1.6902,0.3552,3.74,0.23,0.0,0.0,0.451
616.349,-1.8104,1.6903,0.3552,3.76,0.23,0.0,0.0,0.451
616.449,-1.8104,1.6902,0.3552,3.75,0.23,0.0,0.0,0.451
616.549,-1.8104,1.6902,0.3552,3.75,0.23,0.0,0.0,0.451
616.649,-1.8104,1.6902,0.3552,3.73,0.23,0.0,0.0,0.451
616.749,-1.8104,1.6902,0.3552,3.71,0.24,0.0,0.0,0.451
616.849,-1.8104,1.6902,0.3552,3.73,0.23,0.0,0.0,0.451
616.949,-1.8104,1.6902,0.3552,3.73,0.23,0.0,0.0,0.451
617.049,-1.8104,1.6902,0.3552,3.73,0.23,0.0,0.0,0.451
617.149,-1.8104,1.6902,0.3552,3.73,0.23,0.0,0.0,0.451
617.249,-1.8104,1.6902,0.3552,3.75,0.23,0.0,0.0,0.451
617.349,-1.8104,1.6902,0.3552,3.71,0.24,0.0,0.0,0.451
617.449,-1.8104,1.6902,0.3552,3.74,0.23,0.0,0.0,0.451
617.549,-1.8104,1.6902,0.3552,3.73,0.23,0.0,0.0,0.451
617.649,-1.8104,1.6903,0.3552,3.75,0.23,0.0,0.0,0.451
617.749,-1.8104,1.6903,0.3552,3.75,0.23,0.0,0.0,0.451
617.849,-1.8104,1.6902,0.3552,3.74,0.23,0.0,0.0,0.451
617.949,-1.8104,1.6903,0.3552,3.75,0.23,0.0,0.0,0.451
618.049,-1.8104,1.6903,0.3552,3.76,0.23,0.0,0.0,0.451
618.149,-1.8104,1.6903,0.3552,3.74,0.23,0.0,0.0,0.451
618.249,-1.8104,1.6903,0.3552,3.74,0.23,0.0,0.0,0.451
618.349,-1.8104,1.6902,0.3552,3.72,0.23,0.0,0.0,0.451
618.449,-1.8104,1.6902,0.3552,3.72,0.23,0.0,0.0,0.451
618.549,-1.8104,1.6902,0.3552,3.6,0.24,0.0,0.0,0.451
618.649,-1.8104,1.6902,0.3552,3.67,0.24,0.0,0.0,0.451
618.749,-1.8104,1.6903,0.3552,3.7,0.24,0.0,0.0,0.451
618.849,-1.8104,1.6903,0.3552,3.73,0.23,0.0,0.0,0.451
618.949,-1.8104,1.6903,0.3552,3.76,0.23,0.0,0.0,0.451
619.049,-1.8104,1.6903,0.3552,3.69,0.23,0.0,0.0,0.451
619.149,-1.8104,1.6903,0.3552,3.8,0.24,0.0,0.0,0.451
619.249,-1.8104,1.6904,0.3552,3.9,0.23,0.0,0.0,0.451
619.349,-1.8104,1.6903,0.3552,3.81,0.23,0.0,0.0,0.451
619.449,-1.8104,1.6903,0.3552,3.77,0.23,0.0,0.0,0.451
619.549,-1.8104,1.6902,0.3552,3.59,0.24,0.0,0.0,0.451
619.649,-1.8104,1.6901,0.3552,3.52,0.24,0.0,0.0,0.451
619.749,-1.8104,1.6902,0.3552,3.57,0.24,0.0,0.0,0.451
619.849,-1.8104,1.6901,0.3552,3.56,0.24,0.0,0.0,0.451
619.949,-1.8104,1.6902,0.3552,3.48,0.24,0.0,0.0,0.451
620.049,-1.8104,1.6902,0.3552,3.61,0.23,0.0,0.0,0.451
620.149,-1.8104,1.6902,0.3553,3.57,0.23,0.0,0.0,0.451
620.249,-1.8104,1.6902,0.3553,3.62,0.23,0.0,0.0,0.451
620.349,-1.8104,1.6903,0.3553,3.64,0.23,0.0,0.0,0.451
620.449,-1.8104,1.6903,0.3553,3.7,0.23,0.0,0.0,0.451
620.549,-1.8104,1.6903,0.3552,3.73,0.23,0.0,0.0,0.451
620.649,-1.8104,1.6903,0.3552,3.72,0.23,0.0,0.0,0.451
620.749,-1.8104,1.6903,0.3552,3.71,0.23,0.0,0.0,0.451
620.849,-1.8104,1.6903,0.3552,3.73,0.23,0.0,0.0,0.451
620.949,-1.8104,1.6902,0.3552,3.7,0.23,0.0,0.0,0.451
621.049,-1.8104,1.6902,0.3552,3.73,0.23,0.0,0.0,0.451
621.149,-1.8104,1.6902,0.3552,3.71,0.23,0.0,0.0,0.451
621.249,-1.8104,1.6902,0.3552,3.73,0.23,0.0,0.0,0.451
621.349,-1.8104,1.6902,0.3552,3.72,0.23,0.0,0.0,0.451
621.449,-1.8104,1.6902,0.3552,3.73,0.23,0.0,0.0,0.451
621.549,-1.8104,1.6902,0.3552,3.7,0.23,0.0,0.0,0.451
621.649,-1.8104,1.6902,0.3552,3.71,0.23,0.0,0.0,0.451
621.749,-1.8104,1.6903,0.3552,3.73,0.23,0.0,0.0,0.451
621.849,-1.8104,1.6903,0.3552,3.72,0.23,0.0,0.0,0.451
621.949,-1.8104,1.6902,0.3552,3.72,0.23,0.0,0.0,0.451
622.049,-1.8104,1.6903,0.3552,3.74,0.23,0.0,0.0,0.451
622.149,-1.8104,1.6903,0.3552,3.77,0.23,0.0,0.0,0.451
622.249,-1.8104,1.6903,0.3552,3.76,0.23,0.0,0.0,0.451
622.349,-1.8104,1.6903,0.3552,3.75,0.23,0.0,0.0,0.451
622.449,-1.8104,1.6903,0.3552,3.73,0.23,0.0,0.0,0.451
622.549,-1.8104,1.6902,0.3552,3.66,0.24,0.0,0.0,0.451
622.649,-1.8104,1.6902,0.3552,3.7,0.23,0.0,0.0,0.451
622.749,-1.8104,1.6902,0.3552,3.66,0.24,0.0,0.0,0.451
622.849,-1.8104,1.6902,0.3552,3.68,0.24,0.0,0.0,0.451
622.949,-1.8104,1.6903,0.3552,3.78,0.23,0.0,0.0,0.451
623.049,-1.8104,1.6904,0.3552,3.89,0.23,0.0,0.0,0.451
623.149,-1.8104,1.6903,0.3551,3.83,0.23,0.0,0.0,0.451
623.249,-1.8104,1.6902,0.3551,3.64,0.23,0.0,0.0,0.451
623.349,-1.8104,1.6901,0.3551,3.58,0.24,0.0,0.0,0.451
623.449,-1.8104,1.6901,0.3551,3.47,0.24,0.0,0.0,0.451
623.549,-1.8104,1.6902,0.3551,3.71,0.23,0.0,0.0,0.451
623.649,-1.8104,1.6903,0.3551,3.73,0.23,0.0,0.0,0.451
623.749,-1.8104,1.6902,0.3551,3.68,0.23,0.0,0.0,0.451
623.849,-1.8104,1.6903,0.3551,3.78,0.23,0.0,0.0,0.451
623.949,-1.8104,1.6902,0.3551,3.68,0.23,0.0,0.0,0.451
624.049,-1.8104,1.6902,0.3551,3.72,0.23,0.0,0.0,0.451
624.149,-1.8104,1.6902,0.3551,3.74,0.23,0.0,0.0,0.451
624.249,-1.8104,1.6902,0.3551,3.77,0.23,0.0,0.0,0.451
624.349,-1.8104,1.6902,0.3552,3.69,0.23,0.0,0.0,0.451
624.449,-1.8104,1.6903,0.3552,3.74,0.23,0.0,0.0,0.451
624.549,-1.8104,1.6902,0.3552,3.63,0.23,0.0,0.0,0.451
624.649,-1.8104,1.6902,0.3552,3.69,0.23,0.0,0.0,0.451
624.749,-1.8104,1.6903,0.3552,3.71,0.23,0.0,0.0,0.451
624.849,-1.8104,1.6902,0.3551,3.7,0.23,0.0,0.0,0.451
624.949,-1.8104,1.6902,0.3551,3.66,0.23,0.0,0.0,0.451
625.049,-1.8104,1.6902,0.3551,3.65,0.23,0.0,0.0,0.451
625.149,-1.8104,1.6902,0.3551,3.71,0.23,0.0,0.0,0.451
625.249,-1.8104,1.6902,0.3551,3.73,0.23,0.0,0.0,0.451
625.349,-1.8104,1.6902,0.3551,3.7,0.23,0.0,0.0,0.451
625.449,-1.8104,1.6903,0.3551,3.75,0.23,0.0,0.0,0.451
625.549,-1.8104,1.6903,0.3551,3.83,0.23,0.0,0.0,0.451
625.649,-1.8104,1.6903,0.3551,3.81,0.23,0.0,0.0,0.451
625.749,-1.8104,1.6903,0.3551,3.82,0.23,0.0,0.0,0.451
625.849,-1.8104,1.6903,0.3551,3.78,0.23,0.0,0.0,0.451
625.949,-1.8104,1.6903,0.3551,3.76,0.23,0.0,0.0,0.451
626.049,-1.8104,1.6903,0.3551,3.76,0.23,0.0,0.0,0.451
626.149,-1.8104,1.6903,0.3551,3.73,0.23,0.0,0.0,0.451
626.249,-1.8104,1.6903,0.3551,3.74,0.23,0.0,0.0,0.451
626.349,-1.8104,1.6903,0.3551,3.73,0.23,0.0,0.0,0.451
626.449,-1.8104,1.6903,0.3551,3.73,0.23,0.0,0.0,0.451
626.549,-1.8104,1.6903,0.3551,3.72,0.24,0.0,0.0,0.451
626.649,-1.8104,1.6903,0.3551,3.71,0.24,0.0,0.0,0.451
626.749,-1.8104,1.6903,0.3551,3.7,0.24,0.0,0.0,0.451
626.849,-1.8104,1.6903,0.3551,3.8,0.23,0.0,0.0,0.451
626.949,-1.8104,1.6903,0.3551,3.76,0.23,0.0,0.0,0.451
627.049,-1.8104,1.6903,0.3551,3.77,0.23,0.0,0.0,0.451
627.149,-1.8104,1.6903,0.3551,3.76,0.23,0.0,0.0,0.451
627.249,-1.8104,1.6903,0.3551,3.74,0.23,0.0,0.0,0.451
627.349,-1.8104,1.6903,0.3551,3.75,0.23,0.0,0.0,0.451
627.449,-1.8104,1.6903,0.3551,3.73,0.23,0.0,0.0,0.451
627.549,-1.8104,1.6903,0.3551,3.71,0.24,0.0,0.0,0.451
627.649,-1.8104,1.6903,0.3551,3.72,0.23,0.0,0.0,0.451
627.749,-1.8103,1.6903,0.3551,3.73,0.23,0.0,0.0,0.451
627.849,-1.8104,1.6903,0.3551,3.71,0.23,0.0,0.0,0.451
627.949,-1.8103,1.6903,0.3551,3.71,0.23,0.0,0.0,0.451
628.049,-1.8103,1.6903,0.3551,3.72,0.23,0.0,0.0,0.451
628.149,-1.8103,1.6903,0.3552,3.72,0.23,0.0,0.0,0.451
628.251,-1.8103,1.6903,0.3552,3.73,0.23,0.0,0.0,0.451
628.349,-1.8103,1.6903,0.3552,3.72,0.23,0.0,0.0,0.451
628.449,-1.8103,1.6903,0.3552,3.76,0.23,0.0,0.0,0.451
628.549,-1.8103,1.6903,0.3551,3.8,0.23,0.0,0.0,0.451
628.649,-1.8104,1.6903,0.3551,3.72,0.23,0.0,0.0,0.451
628.749,-1.8104,1.6903,0.3551,3.79,0.23,0.0,0.0,0.451
628.849,-1.8104,1.6903,0.3551,3.81,0.23,0.0,0.0,0.451
628.949,-1.8104,1.6902,0.3551,3.67,0.23,0.0,0.0,0.451
629.049,-1.8104,1.6902,0.3551,3.74,0.23,0.0,0.0,0.451
629.149,-1.8104,1.6902,0.3551,3.72,0.23,0.0,0.0,0.451
629.249,-1.8104,1.6902,0.3551,3.73,0.23,0.0,0.0,0.451
629.349,-1.8104,1.6902,0.3551,3.73,0.23,0.0,0.0,0.451
629.449,-1.8104,1.6902,0.3551,3.72,0.23,0.0,0.0,0.451
629.549,-1.8104,1.6902,0.3551,3.71,0.23,0.0,0.0,0.451
629.649,-1.8104,1.6902,0.3551,3.72,0.23,0.0,0.0,0.451
629.749,-1.8104,1.6902,0.3551,3.72,0.23,0.0,0.0,0.451
629.849,-1.8103,1.6903,0.3551,3.74,0.23,0.0,0.0,0.451
629.949,-1.8103,1.6902,0.3552,3.72,0.23,0.0,0.0,0.451
630.05,-1.8103,1.6902,0.3552,3.72,0.23,0.0,0.0,0.451
630.149,-1.8103,1.6903,0.3552,3.74,0.23,0.0,0.0,0.451
630.249,-1.8103,1.6902,0.3552,3.74,0.23,0.0,0.0,0.451
630.35,-1.8103,1.6902,0.3552,3.74,0.23,0.0,0.0,0.451
630.452,-1.8103,1.6902,0.3552,3.72,0.23,0.0,0.0,0.451
630.549,-1.8103,1.6902,0.3552,3.72,0.23,0.0,0.0,0.451
630.649,-1.8103,1.6902,0.3552,3.73,0.23,0.0,0.0,0.451
630.749,-1.8103,1.6903,0.3552,3.75,0.23,0.0,0.0,0.451
630.849,-1.8103,1.6903,0.3552,3.75,0.23,0.0,0.0,0.451
630.949,-1.8103,1.6902,0.3552,3.73,0.23,0.0,0.0,0.451
631.049,-1.8103,1.6903,0.3552,3.75,0.23,0.0,0.0,0.451
631.149,-1.8103,1.6902,0.3552,3.73,0.23,0.0,0.0,0.451
631.249,-1.8103,1.6902,0.3552,3.73,0.23,0.0,0.0,0.451
631.349,-1.8103,1.6902,0.3552,3.75,0.23,0.0,0.0,0.451
631.451,-1.8103,1.6903,0.3552,3.74,0.23,0.0,0.0,0.451
631.549,-1.8104,1.6902,0.3552,3.71,0.23,0.0,0.0,0.451
631.649,-1.8104,1.6903,0.3552,3.79,0.23,0.0,0.0,0.451
631.751,-1.8104,1.6902,0.3552,3.63,0.24,0.0,0.0,0.451
631.849,-1.8104,1.6902,0.3552,3.64,0.23,0.0,0.0,0.451
631.949,-1.8104,1.6902,0.3552,3.72,0.23,0.0,0.0,0.451
632.049,-1.8104,1.6902,0.3552,3.68,0.23,0.0,0.0,0.451
632.149,-1.8104,1.6903,0.3552,3.75,0.23,0.0,0.0,0.451
632.249,-1.8104,1.6903,0.3552,3.78,0.23,0.0,0.0,0.451
632.349,-1.8104,1.6903,0.3552,3.8,0.23,0.0,0.0,0.451
632.449,-1.8104,1.6903,0.3552,3.76,0.23,0.0,0.0,0.451
632.549,-1.8104,1.6902,0.3552,3.76,0.23,0.0,0.0,0.451
632.649,-1.8104,1.6902,0.3552,3.75,0.23,0.0,0.0,0.451
632.749,-1.8104,1.6902,0.3552,3.75,0.23,0.0,0.0,0.451
632.849,-1.8104,1.6902,0.3552,3.73,0.23,0.0,0.0,0.451
632.949,-1.8104,1.6902,0.3552,3.72,0.23,0.0,0.0,0.451
633.049,-1.8104,1.6902,0.3552,3.72,0.23,0.0,0.0,0.451
633.149,-1.8104,1.6902,0.3552,3.72,0.23,0.0,0.0,0.451
633.249,-1.8104,1.6902,0.3552,3.72,0.23,0.0,0.0,0.451
633.349,-1.8104,1.6902,0.3552,3.73,0.23,0.0,0.0,0.451
633.449,-1.8104,1.6902,0.3552,3.72,0.23,0.0,0.0,0.451
633.549,-1.8104,1.6902,0.3552,3.71,0.23,0.0,0.0,0.451
633.649,-1.8103,1.6902,0.3552,3.72,0.23,0.0,0.0,0.451
633.749,-1.8103,1.6902,0.3552,3.74,0.23,0.0,0.0,0.451
633.849,-1.8103,1.6902,0.3552,3.73,0.23,0.0,0.0,0.451
633.949,-1.8103,1.6902,0.3552,3.74,0.23,0.0,0.0,0.451
634.049,-1.8103,1.6902,0.3552,3.72,0.23,0.0,0.0,0.451
634.149,-1.8103,1.6902,0.3552,3.72,0.23,0.0,0.0,0.451
634.249,-1.8103,1.6903,0.3552,3.74,0.23,0.0,0.0,0.451
634.349,-1.8103,1.6902,0.3552,3.73,0.23,0.0,0.0,0.451
634.449,-1.8103,1.6903,0.3552,3.71,0.23,0.0,0.0,0.451
634.549,-1.8103,1.6903,0.3552,3.77,0.23,0.0,0.0,0.451
634.649,-1.8104,1.6903,0.3552,3.77,0.23,0.0,0.0,0.451
634.749,-1.8104,1.6903,0.3551,3.8,0.23,0.0,0.0,0.451
634.849,-1.8104,1.6903,0.3551,3.78,0.23,0.0,0.0,0.451
634.95,-1.8104,1.6903,0.3551,3.73,0.23,0.0,0.0,0.451
635.049,-1.8104,1.6902,0.3551,3.74,0.23,0.0,0.0,0.451
635.149,-1.8104,1.6903,0.3551,3.8,0.23,0.0,0.0,0.451
635.249,-1.8104,1.6903,0.3551,3.75,0.23,0.0,0.0,0.451
635.349,-1.8104,1.6903,0.3551,3.77,0.23,0.0,0.0,0.451
635.449,-1.8104,1.6902,0.3551,3.64,0.24,0.0,0.0,0.451
635.549,-1.8104,1.6902,0.3551,3.74,0.23,0.0,0.0,0.451
635.649,-1.8104,1.6903,0.3551,3.77,0.23,0.0,0.0,0.451
635.749,-1.8104,1.6903,0.3552,3.81,0.23,0.0,0.0,0.451
635.849,-1.8104,1.6903,0.3551,3.82,0.23,0.0,0.0,0.451
635.949,-1.8104,1.6903,0.3551,3.77,0.23,0.0,0.0,0.451
636.049,-1.8104,1.6903,0.3552,3.73,0.23,0.0,0.0,0.451
636.149,-1.8104,1.6903,0.3552,3.76,0.23,0.0,0.0,0.451
636.249,-1.8104,1.6903,0.3552,3.76,0.23,0.0,0.0,0.451
636.349,-1.8104,1.6903,0.3552,3.73,0.23,0.0,0.0,0.451
636.449,-1.8104,1.6903,0.3552,3.65,0.24,0.0,0.0,0.451
636.549,-1.8104,1.6902,0.3552,3.75,0.23,0.0,0.0,0.451
636.649,-1.8104,1.6903,0.3552,3.78,0.23,0.0,0.0,0.451
636.749,-1.8104,1.6903,0.3551,3.69,0.23,0.0,0.0,0.451
636.849,-1.8104,1.6902,0.3552,3.67,0.23,0.0,0.0,0.451
636.949,-1.8104,1.6902,0.3552,3.71,0.23,0.0,0.0,0.451
637.049,-1.8104,1.6902,0.3552,3.72,0.23,0.0,0.0,0.451
637.15,-1.8104,1.6903,0.3552,3.71,0.23,0.0,0.0,0.451
637.249,-1.8104,1.6903,0.3552,3.63,0.24,0.0,0.0,0.451
637.349,-1.8104,1.6901,0.3552,3.53,0.24,0.0,0.0,0.451
637.449,-1.8104,1.6902,0.3552,3.59,0.24,0.0,0.0,0.451
637.549,-1.8104,1.6902,0.3552,3.65,0.23,0.0,0.0,0.451
637.649,-1.8104,1.6902,0.3552,3.66,0.23,0.0,0.0,0.451
637.749,-1.8104,1.6903,0.3552,3.71,0.23,0.0,0.0,0.451
637.849,-1.8104,1.6903,0.3552,3.71,0.23,0.0,0.0,0.451
637.949,-1.8104,1.6902,0.3552,3.71,0.23,0.0,0.0,0.451
638.049,-1.8104,1.6902,0.3552,3.71,0.23,0.0,0.0,0.451
638.15,-1.8104,1.6903,0.3552,3.74,0.23,0.0,0.0,0.451
638.249,-1.8104,1.6903,0.3552,3.73,0.23,0.0,0.0,0.451
638.349,-1.8104,1.6903,0.3552,3.75,0.23,0.0,0.0,0.451
638.449,-1.8104,1.6903,0.3552,3.74,0.23,0.0,0.0,0.451
638.549,-1.8104,1.6903,0.3552,3.74,0.23,0.0,0.0,0.451
638.649,-1.8104,1.6902,0.3552,3.73,0.23,0.0,0.0,0.451
638.749,-1.8104,1.6902,0.3552,3.73,0.23,0.0,0.0,0.451
638.849,-1.8104,1.6902,0.3552,3.73,0.23,0.0,0.0,0.451
638.949,-1.8104,1.6903,0.3552,3.76,0.23,0.0,0.0,0.451
639.049,-1.8104,1.6903,0.3552,3.76,0.23,0.0,0.0,0.451
639.149,-1.8104,1.6903,0.3552,3.76,0.23,0.0,0.0,0.451
639.249,-1.8103,1.6903,0.3552,3.75,0.23,0.0,0.0,0.451
639.349,-1.8103,1.6903,0.3552,3.77,0.23,0.0,0.0,0.451
639.449,-1.8103,1.6903,0.3552,3.73,0.23,0.0,0.0,0.451
639.549,-1.8103,1.6902,0.3552,3.73,0.23,0.0,0.0,0.451
639.651,-1.8103,1.6902,0.3552,3.73,0.23,0.0,0.0,0.451
639.752,-1.8103,1.6902,0.3552,3.72,0.23,0.0,0.0,0.451
639.849,-1.8103,1.6902,0.3552,3.72,0.23,0.0,0.0,0.451
639.949,-1.8103,1.6903,0.3552,3.76,0.23,0.0,0.0,0.451
640.049,-1.8103,1.6903,0.3552,3.75,0.23,0.0,0.0,0.451
640.149,-1.8103,1.6903,0.3552,3.75,0.23,0.0,0.0,0.451
640.249,-1.8103,1.6903,0.3552,3.75,0.23,0.0,0.0,0.451
640.349,-1.8103,1.6903,0.3552,3.74,0.23,0.0,0.0,0.451
640.449,-1.8103,1.6902,0.3552,3.72,0.23,0.0,0.0,0.451
640.549,-1.8103,1.6902,0.3552,3.71,0.24,0.0,0.0,0.451
640.65,-1.8103,1.6902,0.3552,3.72,0.23,0.0,0.0,0.451
640.749,-1.8103,1.6902,0.3552,3.71,0.23,0.0,0.0,0.451
640.849,-1.8103,1.6902,0.3552,3.73,0.23,0.0,0.0,0.451
640.949,-1.8103,1.6902,0.3552,3.73,0.23,0.0,0.0,0.451
641.049,-1.8103,1.6902,0.3552,3.72,0.23,0.0,0.0,0.451
641.149,-1.8103,1.6902,0.3552,3.72,0.23,0.0,0.0,0.451
641.249,-1.8103,1.6902,0.3552,3.74,0.23,0.0,0.0,0.451
641.349,-1.8103,1.6902,0.3552,3.72,0.23,0.0,0.0,0.451
641.449,-1.8103,1.6902,0.3552,3.72,0.23,0.0,0.0,0.451
641.549,-1.8103,1.6902,0.3552,3.72,0.23,0.0,0.0,0.451
641.649,-1.8103,1.6903,0.3552,3.74,0.23,0.0,0.0,0.451
641.749,-1.8103,1.6903,0.3552,3.73,0.23,0.0,0.0,0.451
641.849,-1.8103,1.6903,0.3552,3.73,0.23,0.0,0.0,0.451
641.949,-1.8103,1.6902,0.3552,3.71,0.23,0.0,0.0,0.451
642.049,-1.8103,1.6903,0.3552,3.73,0.23,0.0,0.0,0.451
642.149,-1.8103,1.6903,0.3552,3.74,0.23,0.0,0.0,0.451
642.249,-1.8103,1.6903,0.3552,3.73,0.23,0.0,0.0,0.451
642.349,-1.8103,1.6903,0.3552,3.72,0.23,0.0,0.0,0.451
642.449,-1.8103,1.6903,0.3552,3.76,0.23,0.0,0.0,0.451
642.549,-1.8104,1.6903,0.3552,3.73,0.23,0.0,0.0,0.451
642.649,-1.8104,1.6903,0.3552,3.73,0.23,0.0,0.0,0.451
642.749,-1.8104,1.6903,0.3552,3.73,0.23,0.0,0.0,0.451
642.849,-1.8104,1.6903,0.3552,3.73,0.23,0.0,0.0,0.451
642.949,-1.8104,1.6903,0.3552,3.73,0.23,0.0,0.0,0.451
643.049,-1.8104,1.6903,0.3552,3.73,0.23,0.0,0.0,0.451
643.149,-1.8104,1.6903,0.3552,3.73,0.23,0.0,0.0,0.451
643.249,-1.8104,1.6903,0.3552,3.73,0.23,0.0,0.0,0.451
643.349,-1.8103,1.6903,0.3552,3.72,0.23,0.0,0.0,0.451
643.449,-1.8103,1.6903,0.3552,3.73,0.23,0.0,0.0,0.451
643.55,-1.8103,1.6903,0.3552,3.73,0.23,0.0,0.0,0.451
643.649,-1.8103,1.6903,0.3552,3.7,0.23,0.0,0.0,0.451
643.749,-1.8104,1.6903,0.3552,3.73,0.23,0.0,0.0,0.451
643.849,-1.8104,1.6903,0.3552,3.76,0.23,0.0,0.0,0.451
643.949,-1.8104,1.6903,0.3551,3.74,0.23,0.0,0.0,0.451
644.049,-1.8104,1.6903,0.3551,3.76,0.23,0.0,0.0,0.451
644.149,-1.8104,1.6903,0.3551,3.71,0.23,0.0,0.0,0.451
644.249,-1.8104,1.6903,0.3551,3.72,0.23,0.0,0.0,0.451
644.349,-1.8104,1.6903,0.3551,3.72,0.23,0.0,0.0,0.451
644.449,-1.8104,1.6903,0.3551,3.72,0.23,0.0,0.0,0.451
644.549,-1.8104,1.6903,0.3551,3.7,0.23,0.0,0.0,0.451
644.649,-1.8104,1.6903,0.3551,3.72,0.23,0.0,0.0,0.451
644.749,-1.8104,1.6902,0.3551,3.71,0.23,0.0,0.0,0.451
644.849,-1.8104,1.6903,0.3551,3.72,0.23,0.0,0.0,0.451
644.949,-1.8104,1.6903,0.3551,3.74,0.23,0.0,0.0,0.451
645.049,-1.8104,1.6903,0.3551,3.72,0.23,0.0,0.0,0.451
645.149,-1.8104,1.6902,0.3551,3.72,0.23,0.0,0.0,0.451
645.249,-1.8104,1.6902,0.3551,3.71,0.23,0.0,0.0,0.451
645.349,-1.8104,1.6902,0.3551,3.7,0.23,0.0,0.0,0.451
645.449,-1.8104,1.6901,0.3551,3.56,0.23,0.0,0.0,0.451
645.549,-1.8104,1.6901,0.3551,3.55,0.24,0.0,0.0,0.451
645.649,-1.8104,1.6902,0.3552,3.64,0.23,0.0,0.0,0.451
645.749,-1.8104,1.6902,0.3552,3.59,0.23,0.0,0.0,0.451
645.849,-1.8104,1.6902,0.3552,3.6,0.23,0.0,0.0,0.451
645.949,-1.8104,1.6902,0.3552,3.65,0.23,0.0,0.0,0.451
646.049,-1.8104,1.6902,0.3552,3.7,0.23,0.0,0.0,0.451
646.15,-1.8104,1.6902,0.3552,3.69,0.23,0.0,0.0,0.451
646.249,-1.8104,1.6902,0.3552,3.73,0.23,0.0,0.0,0.451
646.349,-1.8104,1.6902,0.3552,3.77,0.23,0.0,0.0,0.451
646.449,-1.8104,1.6902,0.3552,3.75,0.23,0.0,0.0,0.451
646.549,-1.8104,1.6902,0.3552,3.75,0.23,0.0,0.0,0.451
646.65,-1.8104,1.6902,0.3552,3.74,0.23,0.0,0.0,0.451
646.749,-1.8104,1.6902,0.3552,3.73,0.23,0.0,0.0,0.451
646.849,-1.8104,1.6902,0.3552,3.74,0.23,0.0,0.0,0.451
646.949,-1.8104,1.6902,0.3552,3.72,0.23,0.0,0.0,0.451
647.05,-1.8104,1.6902,0.3552,3.73,0.23,0.0,0.0,0.451
647.149,-1.8104,1.6902,0.3552,3.73,0.23,0.0,0.0,0.451
647.249,-1.8104,1.6902,0.3552,3.72,0.23,0.0,0.0,0.451
647.349,-1.8104,1.6902,0.3552,3.72,0.23,0.0,0.0,0.451
647.449,-1.8104,1.6902,0.3552,3.72,0.23,0.0,0.0,0.451
647.549,-1.8104,1.6902,0.3552,3.73,0.23,0.0,0.0,0.451
647.649,-1.8104,1.6902,0.3552,3.74,0.23,0.0,0.0,0.451
647.749,-1.8104,1.6902,0.3552,3.75,0.23,0.0,0.0,0.451
647.849,-1.8104,1.6902,0.3552,3.73,0.23,0.0,0.0,0.451
647.949,-1.8103,1.6902,0.3552,3.71,0.23,0.0,0.0,0.451
648.049,-1.8104,1.6902,0.3552,3.72,0.23,0.0,0.0,0.451
648.152,-1.8104,1.6902,0.3552,3.73,0.23,0.0,0.0,0.451
648.249,-1.8103,1.6902,0.3552,3.73,0.23,0.0,0.0,0.451
648.349,-1.8103,1.6902,0.3552,3.72,0.23,0.0,0.0,0.451
648.449,-1.8103,1.6902,0.3552,3.71,0.23,0.0,0.0,0.451
648.549,-1.8103,1.6902,0.3552,3.72,0.23,0.0,0.0,0.451
648.649,-1.8103,1.6902,0.3552,3.72,0.23,0.0,0.0,0.451
648.749,-1.8103,1.6902,0.3552,3.72,0.23,0.0,0.0,0.451
648.849,-1.8103,1.6902,0.3552,3.72,0.23,0.0,0.0,0.451
648.949,-1.8103,1.6902,0.3552,3.74,0.23,0.0,0.0,0.451
649.049,-1.8103,1.6902,0.3552,3.71,0.24,0.0,0.0,0.451
649.149,-1.8103,1.6902,0.3552,3.71,0.23,0.0,0.0,0.451
649.249,-1.8103,1.6902,0.3552,3.71,0.24,0.0,0.0,0.451
649.349,-1.8103,1.6902,0.3552,3.7,0.24,0.0,0.0,0.451
649.449,-1.8103,1.6902,0.3552,3.7,0.24,0.0,0.0,0.451
649.549,-1.8103,1.6902,0.3552,3.72,0.23,0.0,0.0,0.451
649.649,-1.8103,1.6902,0.3552,3.72,0.23,0.0,0.0,0.451
649.749,-1.8103,1.6903,0.3552,3.78,0.23,0.0,0.0,0.451
649.849,-1.8103,1.6903,0.3552,3.71,0.23,0.0,0.0,0.451
649.949,-1.8104,1.6902,0.3552,3.66,0.24,0.0,0.0,0.451
650.049,-1.8104,1.6902,0.3552,3.63,0.23,0.0,0.0,0.451
650.149,-1.8104,1.6902,0.3552,3.72,0.23,0.0,0.0,0.451
650.249,-1.8104,1.6902,0.3552,3.72,0.23,0.0,0.0,0.451
650.349,-1.8104,1.6903,0.3552,3.73,0.23,0.0,0.0,0.451
650.449,-1.8104,1.6902,0.3552,3.71,0.23,0.0,0.0,0.451
650.549,-1.8104,1.6902,0.3552,3.71,0.23,0.0,0.0,0.451
650.649,-1.8104,1.6902,0.3552,3.71,0.23,0.0,0.0,0.451
650.749,-1.8104,1.6902,0.3552,3.71,0.23,0.0,0.0,0.451
650.849,-1.8104,1.6902,0.3552,3.72,0.23,0.0,0.0,0.451
650.949,-1.8104,1.6902,0.3552,3.7,0.23,0.0,0.0,0.451
651.049,-1.8104,1.6902,0.3552,3.7,0.23,0.0,0.0,0.451
651.149,-1.8104,1.6902,0.3552,3.71,0.23,0.0,0.0,0.451
651.249,-1.8104,1.6902,0.3552,3.7,0.23,0.0,0.0,0.451
