goal_index,goal_x,goal_y,sent_sim_s,elapsed_s,outcome,status,error_code,error_msg,samples,plan_switches
0,-0.5,0.02,1042.6,29.9,ok,4,0,,280,0
1,-1.0,0.03,1070.5,51.3,ok,4,0,,213,0
2,-1.5,0.05,1091.8,56.5,ok,4,0,,52,0
3,-0.5,0.02,1097.1,87.0,ok,4,0,,306,0
4,-1.0,0.03,1127.6,107.7,ok,4,0,,207,0
5,-1.5,0.05,1148.3,114.5,ok,4,0,,68,0
6,-0.5,0.02,1155.1,146.1,ok,4,0,,316,0
7,-1.0,0.03,1186.7,168.9,ok,4,0,,227,0
8,-1.5,0.05,1209.4,175.4,ok,4,0,,65,0
9,-0.5,0.02,1215.9,180.0,cancelada,,,,46,0
