wall,state,elapsed_s,frontier_count,refused,timed_out,blacklisted,near_frontiers_skipped,provisional_recoveries,barren_cycles,selection_cycle,path_requests,marker_visible,marker_distance_m,homing_entry_distance_m,homing_entries,message
1788021126.29,navigating,472.0,5,0,0,0,0,1,0,13,40,False,8.5,3.06,5,navegando para fronteira
1788021127.31,navigating,473.0,5,0,0,0,0,1,0,13,40,False,8.55,3.06,5,navegando para fronteira
1788021128.34,navigating,474.1,5,0,0,0,0,1,0,13,40,False,8.59,3.06,5,navegando para fronteira
1788021129.39,navigating,475.1,5,0,0,0,0,1,0,13,40,False,8.62,3.06,5,navegando para fronteira
1788021130.4,navigating,476.1,5,0,0,0,0,1,0,13,40,False,8.66,3.06,5,navegando para fronteira
1788021131.43,navigating,477.1,5,0,0,0,0,1,0,13,40,False,8.7,3.06,5,navegando para fronteira
1788021132.45,navigating,478.1,5,0,0,0,0,1,0,13,40,False,8.74,3.06,5,navegando para fronteira
1788021133.48,navigating,479.0,5,0,0,0,0,1,0,13,40,False,8.78,3.06,5,navegando para fronteira
1788021134.49,navigating,480.1,5,0,0,0,0,1,0,13,40,False,8.83,3.06,5,navegando para fronteira
1788021135.51,navigating,481.0,5,0,0,0,0,1,0,13,40,False,8.89,3.06,5,navegando para fronteira
1788021136.53,navigating,482.0,5,0,0,0,0,1,0,13,40,False,8.96,3.06,5,navegando para fronteira
1788021137.54,navigating,483.0,5,0,0,0,0,1,0,13,40,False,9.05,3.06,5,navegando para fronteira
1788021138.55,navigating,484.1,5,0,0,0,0,1,0,13,40,False,9.15,3.06,5,navegando para fronteira
1788021139.6,navigating,485.1,5,0,0,0,0,1,0,13,40,False,9.22,3.06,5,navegando para fronteira
1788021140.61,navigating,486.1,5,0,0,0,0,1,0,13,40,False,9.26,3.06,5,navegando para fronteira
1788021141.62,navigating,487.0,5,0,0,0,0,1,0,13,40,False,9.31,3.06,5,navegando para fronteira
1788021142.64,navigating,488.1,5,0,0,0,0,1,0,13,40,False,9.38,3.06,5,navegando para fronteira
1788021143.64,navigating,489.1,5,0,0,0,0,1,0,13,40,False,9.44,3.06,5,navegando para fronteira
1788021144.66,navigating,490.0,5,0,0,0,0,1,0,13,40,False,9.51,3.06,5,navegando para fronteira
1788021145.69,navigating,491.1,5,0,0,0,0,1,0,13,40,False,9.59,3.06,5,navegando para fronteira
1788021146.75,navigating,492.0,5,0,0,0,0,1,0,13,40,False,9.66,3.06,5,navegando para fronteira
1788021147.79,navigating,493.1,5,0,0,0,0,1,0,13,40,False,9.74,3.06,5,navegando para fronteira
1788021148.82,navigating,494.1,5,0,0,0,0,1,0,13,40,False,9.83,3.06,5,navegando para fronteira
1788021149.86,navigating,495.0,5,0,0,0,0,1,0,13,40,False,9.92,3.06,5,navegando para fronteira
1788021150.88,navigating,496.0,5,0,0,0,0,1,0,13,40,False,9.99,3.06,5,navegando para fronteira
1788021151.9,navigating,497.0,5,0,0,0,0,1,0,13,40,False,10.08,3.06,5,navegando para fronteira
1788021152.92,navigating,498.1,5,0,0,0,0,1,0,13,40,False,10.17,3.06,5,navegando para fronteira
1788021153.93,navigating,499.1,5,0,0,0,0,1,0,13,40,False,10.28,3.06,5,navegando para fronteira
1788021154.96,navigating,500.0,5,0,0,0,0,1,0,13,40,False,10.41,3.06,5,navegando para fronteira
1788021155.99,navigating,501.1,5,0,0,0,0,1,0,13,40,False,10.53,3.06,5,navegando para fronteira
1788021157.0,navigating,502.0,5,0,0,0,0,1,0,13,40,False,10.62,3.06,5,navegando para fronteira
1788021158.02,selecting,503.0,5,0,1,0,0,1,0,13,40,False,10.71,3.06,5,meta de fronteira expirou
1788021159.12,selecting,504.0,3,0,1,0,0,1,0,14,41,False,10.73,3.06,5,meta de fronteira expirou
1788021160.08,navigating,505.0,3,2,1,0,0,1,0,14,43,False,10.76,3.06,5,navegando para fronteira
1788021161.13,navigating,506.1,3,2,1,0,0,1,0,14,43,False,10.88,3.06,5,navegando para fronteira
1788021162.14,navigating,507.1,3,2,1,0,0,1,0,14,43,False,10.98,3.06,5,navegando para fronteira
1788021163.18,navigating,508.1,3,2,1,0,0,1,0,14,43,False,11.04,3.06,5,navegando para fronteira
1788021164.21,navigating,509.1,3,2,1,0,0,1,0,14,43,False,11.12,3.06,5,navegando para fronteira
1788021165.23,navigating,510.0,3,2,1,0,0,1,0,14,43,False,11.22,3.06,5,navegando para fronteira
1788021166.25,navigating,511.1,3,2,1,0,0,1,0,14,43,False,11.32,3.06,5,navegando para fronteira
1788021167.26,navigating,512.1,3,2,1,0,0,1,0,14,43,False,11.41,3.06,5,navegando para fronteira
1788021168.27,navigating,513.0,3,2,1,0,0,1,0,14,43,False,11.5,3.06,5,navegando para fronteira
1788021169.3,navigating,514.0,3,2,1,0,0,1,0,14,43,False,11.6,3.06,5,navegando para fronteira
1788021170.31,navigating,515.0,3,2,1,0,0,1,0,14,43,False,11.67,3.06,5,navegando para fronteira
1788021171.36,navigating,516.1,3,2,1,0,0,1,0,14,43,False,11.74,3.06,5,navegando para fronteira
1788021172.39,navigating,517.1,3,2,1,0,0,1,0,14,43,False,11.8,3.06,5,navegando para fronteira
1788021173.42,navigating,518.0,3,2,1,0,0,1,0,14,43,False,11.87,3.06,5,navegando para fronteira
1788021174.43,navigating,519.1,3,2,1,0,0,1,0,14,43,False,11.93,3.06,5,navegando para fronteira
1788021175.45,navigating,520.0,3,2,1,0,0,1,0,14,43,False,11.99,3.06,5,navegando para fronteira
1788021176.46,navigating,521.1,3,2,1,0,0,1,0,14,43,False,12.04,3.06,5,navegando para fronteira
1788021177.46,navigating,522.1,3,2,1,0,0,1,0,14,43,False,12.09,3.06,5,navegando para fronteira
1788021178.47,navigating,523.1,3,2,1,0,0,1,0,14,43,False,12.13,3.06,5,navegando para fronteira
1788021179.5,navigating,524.1,3,2,1,0,0,1,0,14,43,False,12.16,3.06,5,navegando para fronteira
1788021180.53,navigating,525.0,3,2,1,0,0,1,0,14,43,False,12.17,3.06,5,navegando para fronteira
1788021181.56,navigating,526.1,3,2,1,0,0,1,0,14,43,False,12.19,3.06,5,navegando para fronteira
1788021182.57,navigating,527.0,3,2,1,0,0,1,0,14,43,False,12.2,3.06,5,navegando para fronteira
1788021183.61,navigating,528.1,3,2,1,0,0,1,0,14,43,False,12.21,3.06,5,navegando para fronteira
1788021184.65,navigating,529.1,3,2,1,0,0,1,0,14,43,False,12.21,3.06,5,navegando para fronteira
1788021185.66,navigating,530.0,3,2,1,0,0,1,0,14,43,False,12.21,3.06,5,navegando para fronteira
1788021186.67,navigating,531.0,3,2,1,0,0,1,0,14,43,False,12.21,3.06,5,navegando para fronteira
1788021187.69,navigating,532.1,3,2,1,0,0,1,0,14,43,False,12.21,3.06,5,navegando para fronteira
1788021188.72,navigating,533.0,3,2,1,0,0,1,0,14,43,False,12.21,3.06,5,navegando para fronteira
1788021189.74,navigating,534.1,3,2,1,0,0,1,0,14,43,False,12.21,3.06,5,navegando para fronteira
1788021190.76,navigating,535.1,3,2,1,0,0,1,0,14,43,False,12.19,3.06,5,navegando para fronteira
1788021191.8,navigating,536.1,3,2,1,0,0,1,0,14,43,False,12.21,3.06,5,navegando para fronteira
1788021192.83,navigating,537.1,3,2,1,0,0,1,0,14,43,False,12.21,3.06,5,navegando para fronteira
1788021193.9,navigating,538.1,3,2,1,0,0,1,0,14,43,False,12.21,3.06,5,navegando para fronteira
1788021194.92,navigating,539.1,3,2,1,0,0,1,0,14,43,False,12.2,3.06,5,navegando para fronteira
1788021195.93,navigating,540.1,3,2,1,0,0,1,0,14,43,False,12.21,3.06,5,navegando para fronteira
1788021196.98,navigating,541.0,3,2,1,0,0,1,0,14,43,False,12.2,3.06,5,navegando para fronteira
1788021197.98,navigating,542.1,3,2,1,0,0,1,0,14,43,False,12.2,3.06,5,navegando para fronteira
1788021199.01,navigating,543.1,3,2,1,0,0,1,0,14,43,False,12.19,3.06,5,navegando para fronteira
1788021200.02,navigating,544.0,3,2,1,0,0,1,0,14,43,False,12.19,3.06,5,navegando para fronteira
1788021201.06,navigating,545.1,3,2,1,0,0,1,0,14,43,False,12.2,3.06,5,navegando para fronteira
1788021202.11,navigating,546.1,3,2,1,0,0,1,0,14,43,False,12.19,3.06,5,navegando para fronteira
1788021203.13,navigating,547.1,3,2,1,0,0,1,0,14,43,False,12.18,3.06,5,navegando para fronteira
1788021204.14,navigating,548.1,3,2,1,0,0,1,0,14,43,False,12.18,3.06,5,navegando para fronteira
1788021205.19,navigating,549.1,3,2,1,0,0,1,0,14,43,False,12.18,3.06,5,navegando para fronteira
1788021206.2,navigating,550.1,3,2,1,0,0,1,0,14,43,False,12.18,3.06,5,navegando para fronteira
1788021207.2,navigating,551.1,3,2,1,0,0,1,0,14,43,False,12.2,3.06,5,navegando para fronteira
1788021208.23,navigating,552.1,3,2,1,0,0,1,0,14,43,False,12.19,3.06,5,navegando para fronteira
1788021209.25,navigating,553.1,3,2,1,0,0,1,0,14,43,False,12.2,3.06,5,navegando para fronteira
1788021210.28,navigating,554.0,3,2,1,0,0,1,0,14,43,False,12.2,3.06,5,navegando para fronteira
1788021211.31,navigating,555.1,3,2,1,0,0,1,0,14,43,False,12.21,3.06,5,navegando para fronteira
1788021212.32,navigating,556.0,3,2,1,0,0,1,0,14,43,False,12.21,3.06,5,navegando para fronteira
1788021213.38,navigating,557.1,3,2,1,0,0,1,0,14,43,False,12.21,3.06,5,navegando para fronteira
1788021214.37,navigating,558.0,3,2,1,0,0,1,0,14,43,False,12.2,3.06,5,navegando para fronteira
1788021215.43,navigating,559.1,3,2,1,0,0,1,0,14,43,False,12.21,3.06,5,navegando para fronteira
1788021216.44,navigating,560.1,3,2,1,0,0,1,0,14,43,False,12.21,3.06,5,navegando para fronteira
1788021217.46,navigating,561.1,3,2,1,0,0,1,0,14,43,False,12.21,3.06,5,navegando para fronteira
1788021218.48,navigating,562.1,3,2,1,0,0,1,0,14,43,False,12.22,3.06,5,navegando para fronteira
1788021219.5,navigating,563.0,3,2,1,0,0,1,0,14,43,False,12.22,3.06,5,navegando para fronteira
1788021220.52,navigating,564.0,3,2,1,0,0,1,0,14,43,False,12.23,3.06,5,navegando para fronteira
1788021221.53,navigating,565.1,3,2,1,0,0,1,0,14,43,False,12.23,3.06,5,navegando para fronteira
1788021222.57,navigating,566.1,3,2,1,0,0,1,0,14,43,False,12.23,3.06,5,navegando para fronteira
1788021223.58,navigating,567.0,3,2,1,0,0,1,0,14,43,False,12.24,3.06,5,navegando para fronteira
1788021224.6,navigating,568.0,3,2,1,0,0,1,0,14,43,False,12.24,3.06,5,navegando para fronteira
1788021225.67,navigating,569.1,3,2,1,0,0,1,0,14,43,False,12.26,3.06,5,navegando para fronteira
1788021226.69,navigating,570.0,3,2,1,0,0,1,0,14,43,False,12.26,3.06,5,navegando para fronteira
1788021227.73,navigating,571.1,3,2,1,0,0,1,0,14,43,False,12.26,3.06,5,navegando para fronteira
1788021228.76,navigating,572.0,3,2,1,0,0,1,0,14,43,False,12.26,3.06,5,navegando para fronteira
1788021229.77,navigating,573.1,3,2,1,0,0,1,0,14,43,False,12.25,3.06,5,navegando para fronteira
1788021230.78,navigating,574.1,3,2,1,0,0,1,0,14,43,False,12.26,3.06,5,navegando para fronteira
1788021231.8,navigating,575.0,3,2,1,0,0,1,0,14,43,False,12.25,3.06,5,navegando para fronteira
1788021232.84,navigating,576.0,3,2,1,0,0,1,0,14,43,False,12.28,3.06,5,navegando para fronteira
1788021233.88,navigating,577.0,3,2,1,0,0,1,0,14,43,False,12.3,3.06,5,navegando para fronteira
1788021234.92,navigating,578.0,3,2,1,0,0,1,0,14,43,False,12.3,3.06,5,navegando para fronteira
1788021235.98,navigating,579.0,3,2,1,0,0,1,0,14,43,False,12.3,3.06,5,navegando para fronteira
1788021237.01,navigating,580.1,3,2,1,0,0,1,0,14,43,False,12.31,3.06,5,navegando para fronteira
1788021238.03,navigating,581.1,3,2,1,0,0,1,0,14,43,False,12.31,3.06,5,navegando para fronteira
1788021239.02,navigating,582.0,3,2,1,0,0,1,0,14,43,False,12.31,3.06,5,navegando para fronteira
1788021240.07,navigating,583.1,3,2,1,0,0,1,0,14,43,False,12.31,3.06,5,navegando para fronteira
1788021241.11,navigating,584.1,3,2,1,0,0,1,0,14,43,False,12.32,3.06,5,navegando para fronteira
1788021242.15,navigating,585.1,3,2,1,0,0,1,0,14,43,False,12.32,3.06,5,navegando para fronteira
1788021243.18,navigating,586.0,3,2,1,0,0,1,0,14,43,False,12.33,3.06,5,navegando para fronteira
1788021244.24,navigating,587.1,3,2,1,0,0,1,0,14,43,False,12.33,3.06,5,navegando para fronteira
1788021245.24,navigating,588.0,3,2,1,0,0,1,0,14,43,False,12.33,3.06,5,navegando para fronteira
1788021246.26,navigating,589.0,3,2,1,0,0,1,0,14,43,False,12.34,3.06,5,navegando para fronteira
1788021247.31,navigating,590.1,3,2,1,0,0,1,0,14,43,False,12.34,3.06,5,navegando para fronteira
1788021248.32,navigating,591.0,3,2,1,0,0,1,0,14,43,False,12.35,3.06,5,navegando para fronteira
1788021249.37,navigating,592.0,3,2,1,0,0,1,0,14,43,False,12.35,3.06,5,navegando para fronteira
1788021250.41,navigating,593.1,3,2,1,0,0,1,0,14,43,False,12.36,3.06,5,navegando para fronteira
1788021251.43,navigating,594.0,3,2,1,0,0,1,0,14,43,False,12.36,3.06,5,navegando para fronteira
1788021252.5,selecting,595.0,3,2,2,0,0,1,0,14,43,False,12.36,3.06,5,meta de fronteira expirou
1788021253.68,selecting,596.0,2,2,2,0,0,1,0,15,44,False,12.36,3.06,5,meta de fronteira expirou
1788021254.56,navigating,597.1,2,2,2,0,0,1,0,15,45,False,12.36,3.06,5,navegando para fronteira
1788021255.61,navigating,598.1,2,2,2,0,0,1,0,15,45,False,12.36,3.06,5,navegando para fronteira
1788021256.65,navigating,599.1,2,2,2,0,0,1,0,15,45,False,12.36,3.06,5,navegando para fronteira
1788021257.66,failed,600.0,2,2,2,0,0,1,0,15,45,False,12.36,3.06,5,prazo total de exploracao excedido
1788021258.69,failed,601.1,2,2,2,0,0,1,0,15,45,False,12.36,3.06,5,prazo total de exploracao excedido
1788021259.72,failed,602.0,2,2,2,0,0,1,0,15,45,False,12.36,3.06,5,prazo total de exploracao excedido
1788021260.76,failed,603.1,2,2,2,0,0,1,0,15,45,False,12.36,3.06,5,prazo total de exploracao excedido
1788021261.76,failed,604.0,2,2,2,0,0,1,0,15,45,False,12.36,3.06,5,prazo total de exploracao excedido
1788021262.79,failed,605.1,2,2,2,0,0,1,0,15,45,False,12.36,3.06,5,prazo total de exploracao excedido
1788021263.82,failed,606.0,2,2,2,0,0,1,0,15,45,False,12.36,3.06,5,prazo total de exploracao excedido
1788021264.85,failed,607.1,2,2,2,0,0,1,0,15,45,False,12.36,3.06,5,prazo total de exploracao excedido
1788021265.86,failed,608.0,2,2,2,0,0,1,0,15,45,False,12.36,3.06,5,prazo total de exploracao excedido
1788021266.92,failed,609.0,2,2,2,0,0,1,0,15,45,False,12.36,3.06,5,prazo total de exploracao excedido
1788021267.94,failed,610.0,2,2,2,0,0,1,0,15,45,False,12.36,3.06,5,prazo total de exploracao excedido
1788021268.95,failed,611.1,2,2,2,0,0,1,0,15,45,False,12.36,3.06,5,prazo total de exploracao excedido
1788021269.98,failed,612.0,2,2,2,0,0,1,0,15,45,False,12.36,3.06,5,prazo total de exploracao excedido
1788021271.01,failed,613.1,2,2,2,0,0,1,0,15,45,False,12.36,3.06,5,prazo total de exploracao excedido
1788021272.04,failed,614.0,2,2,2,0,0,1,0,15,45,False,12.36,3.06,5,prazo total de exploracao excedido
1788021273.09,failed,615.0,2,2,2,0,0,1,0,15,45,False,12.36,3.06,5,prazo total de exploracao excedido
1788021274.15,failed,616.0,2,2,2,0,0,1,0,15,45,False,12.36,3.06,5,prazo total de exploracao excedido
1788021275.2,failed,617.0,2,2,2,0,0,1,0,15,45,False,12.36,3.06,5,prazo total de exploracao excedido
1788021276.22,failed,618.0,2,2,2,0,0,1,0,15,45,False,12.36,3.06,5,prazo total de exploracao excedido
1788021277.25,failed,619.1,2,2,2,0,0,1,0,15,45,False,12.36,3.06,5,prazo total de exploracao excedido
1788021278.27,failed,620.0,2,2,2,0,0,1,0,15,45,False,12.36,3.06,5,prazo total de exploracao excedido
1788021279.3,failed,621.0,2,2,2,0,0,1,0,15,45,False,12.36,3.06,5,prazo total de exploracao excedido
1788021280.34,failed,622.0,2,2,2,0,0,1,0,15,45,False,12.36,3.06,5,prazo total de exploracao excedido
1788021281.38,failed,623.0,2,2,2,0,0,1,0,15,45,False,12.36,3.06,5,prazo total de exploracao excedido
1788021282.41,failed,624.1,2,2,2,0,0,1,0,15,45,False,12.36,3.06,5,prazo total de exploracao excedido
1788021283.44,failed,625.1,2,2,2,0,0,1,0,15,45,False,12.36,3.06,5,prazo total de exploracao excedido
1788021284.48,failed,626.0,2,2,2,0,0,1,0,15,45,False,12.36,3.06,5,prazo total de exploracao excedido
1788021285.49,failed,627.1,2,2,2,0,0,1,0,15,45,False,12.36,3.06,5,prazo total de exploracao excedido
1788021286.51,failed,628.0,2,2,2,0,0,1,0,15,45,False,12.36,3.06,5,prazo total de exploracao excedido
1788021287.54,failed,629.0,2,2,2,0,0,1,0,15,45,False,12.36,3.06,5,prazo total de exploracao excedido
1788021288.55,failed,630.1,2,2,2,0,0,1,0,15,45,False,12.36,3.06,5,prazo total de exploracao excedido
1788021289.6,failed,631.0,2,2,2,0,0,1,0,15,45,False,12.36,3.06,5,prazo total de exploracao excedido
1788021290.63,failed,632.1,2,2,2,0,0,1,0,15,45,False,12.36,3.06,5,prazo total de exploracao excedido
1788021291.65,failed,633.0,2,2,2,0,0,1,0,15,45,False,12.36,3.06,5,prazo total de exploracao excedido
1788021292.68,failed,634.0,2,2,2,0,0,1,0,15,45,False,12.36,3.06,5,prazo total de exploracao excedido
1788021293.69,failed,635.0,2,2,2,0,0,1,0,15,45,False,12.36,3.06,5,prazo total de exploracao excedido
1788021294.72,failed,636.0,2,2,2,0,0,1,0,15,45,False,12.36,3.06,5,prazo total de exploracao excedido
1788021295.74,failed,637.0,2,2,2,0,0,1,0,15,45,False,12.36,3.06,5,prazo total de exploracao excedido
1788021296.77,failed,638.0,2,2,2,0,0,1,0,15,45,False,12.36,3.06,5,prazo total de exploracao excedido
1788021297.81,failed,639.1,2,2,2,0,0,1,0,15,45,False,12.36,3.06,5,prazo total de exploracao excedido
1788021298.87,failed,640.0,2,2,2,0,0,1,0,15,45,False,12.36,3.06,5,prazo total de exploracao excedido
1788021299.92,failed,641.0,2,2,2,0,0,1,0,15,45,False,12.36,3.06,5,prazo total de exploracao excedido
1788021300.96,failed,642.0,2,2,2,0,0,1,0,15,45,False,12.36,3.06,5,prazo total de exploracao excedido
1788021301.99,failed,643.0,2,2,2,0,0,1,0,15,45,False,12.36,3.06,5,prazo total de exploracao excedido
1788021303.04,failed,644.0,2,2,2,0,0,1,0,15,45,False,12.36,3.06,5,prazo total de exploracao excedido
1788021304.07,failed,645.1,2,2,2,0,0,1,0,15,45,False,12.36,3.06,5,prazo total de exploracao excedido
1788021305.1,failed,646.1,2,2,2,0,0,1,0,15,45,False,12.36,3.06,5,prazo total de exploracao excedido
1788021306.11,failed,647.0,2,2,2,0,0,1,0,15,45,False,12.36,3.06,5,prazo total de exploracao excedido
1788021307.15,failed,648.1,2,2,2,0,0,1,0,15,45,False,12.36,3.06,5,prazo total de exploracao excedido
1788021308.17,failed,649.0,2,2,2,0,0,1,0,15,45,False,12.36,3.06,5,prazo total de exploracao excedido
1788021309.22,failed,650.1,2,2,2,0,0,1,0,15,45,False,12.36,3.06,5,prazo total de exploracao excedido
1788021310.28,failed,651.1,2,2,2,0,0,1,0,15,45,False,12.36,3.06,5,prazo total de exploracao excedido
1788021311.3,failed,652.1,2,2,2,0,0,1,0,15,45,False,12.36,3.06,5,prazo total de exploracao excedido
1788021312.32,failed,653.0,2,2,2,0,0,1,0,15,45,False,12.36,3.06,5,prazo total de exploracao excedido
1788021313.33,failed,654.0,2,2,2,0,0,1,0,15,45,False,12.36,3.06,5,prazo total de exploracao excedido
1788021314.36,failed,655.0,2,2,2,0,0,1,0,15,45,False,12.36,3.06,5,prazo total de exploracao excedido
1788021315.37,failed,656.1,2,2,2,0,0,1,0,15,45,False,12.36,3.06,5,prazo total de exploracao excedido
1788021316.4,failed,657.0,2,2,2,0,0,1,0,15,45,False,12.36,3.06,5,prazo total de exploracao excedido
1788021317.4,failed,658.0,2,2,2,0,0,1,0,15,45,False,12.36,3.06,5,prazo total de exploracao excedido
1788021318.44,failed,659.0,2,2,2,0,0,1,0,15,45,False,12.36,3.06,5,prazo total de exploracao excedido
1788021319.45,failed,660.0,2,2,2,0,0,1,0,15,45,False,12.36,3.06,5,prazo total de exploracao excedido
1788021320.46,failed,661.0,2,2,2,0,0,1,0,15,45,False,12.36,3.06,5,prazo total de exploracao excedido
1788021321.55,failed,662.1,2,2,2,0,0,1,0,15,45,False,12.36,3.06,5,prazo total de exploracao excedido
1788021322.57,failed,663.1,2,2,2,0,0,1,0,15,45,False,12.36,3.06,5,prazo total de exploracao excedido
1788021323.56,failed,664.0,2,2,2,0,0,1,0,15,45,False,12.36,3.06,5,prazo total de exploracao excedido
1788021324.62,failed,665.0,2,2,2,0,0,1,0,15,45,False,12.36,3.06,5,prazo total de exploracao excedido
1788021325.67,failed,666.0,2,2,2,0,0,1,0,15,45,False,12.36,3.06,5,prazo total de exploracao excedido
1788021326.69,failed,667.0,2,2,2,0,0,1,0,15,45,False,12.36,3.06,5,prazo total de exploracao excedido
1788021327.71,failed,668.1,2,2,2,0,0,1,0,15,45,False,12.36,3.06,5,prazo total de exploracao excedido
1788021328.73,failed,669.0,2,2,2,0,0,1,0,15,45,False,12.36,3.06,5,prazo total de exploracao excedido
1788021329.79,failed,670.1,2,2,2,0,0,1,0,15,45,False,12.36,3.06,5,prazo total de exploracao excedido
1788021330.81,failed,671.0,2,2,2,0,0,1,0,15,45,False,12.36,3.06,5,prazo total de exploracao excedido
1788021331.84,failed,672.1,2,2,2,0,0,1,0,15,45,False,12.36,3.06,5,prazo total de exploracao excedido
1788021332.85,failed,673.0,2,2,2,0,0,1,0,15,45,False,12.36,3.06,5,prazo total de exploracao excedido
1788021333.89,failed,674.0,2,2,2,0,0,1,0,15,45,False,12.36,3.06,5,prazo total de exploracao excedido
1788021334.92,failed,675.1,2,2,2,0,0,1,0,15,45,False,12.36,3.06,5,prazo total de exploracao excedido
1788021335.94,failed,676.0,2,2,2,0,0,1,0,15,45,False,12.36,3.06,5,prazo total de exploracao excedido
1788021336.97,failed,677.0,2,2,2,0,0,1,0,15,45,False,12.36,3.06,5,prazo total de exploracao excedido
1788021338.07,failed,678.0,2,2,2,0,0,1,0,15,45,False,12.36,3.06,5,prazo total de exploracao excedido
1788021339.09,failed,679.0,2,2,2,0,0,1,0,15,45,False,12.36,3.06,5,prazo total de exploracao excedido
1788021340.13,failed,680.0,2,2,2,0,0,1,0,15,45,False,12.36,3.06,5,prazo total de exploracao excedido
1788021341.16,failed,681.0,2,2,2,0,0,1,0,15,45,False,12.36,3.06,5,prazo total de exploracao excedido
1788021342.19,failed,682.1,2,2,2,0,0,1,0,15,45,False,12.36,3.06,5,prazo total de exploracao excedido
1788021343.21,failed,683.1,2,2,2,0,0,1,0,15,45,False,12.36,3.06,5,prazo total de exploracao excedido
1788021344.23,failed,684.0,2,2,2,0,0,1,0,15,45,False,12.36,3.06,5,prazo total de exploracao excedido
1788021345.25,failed,685.0,2,2,2,0,0,1,0,15,45,False,12.36,3.06,5,prazo total de exploracao excedido
