wall_s,sim_s,cloud_stamp_s,cloud_age_ms,odom_stamp_s,odom_age_ms,cloud_interval_ms,odom_interval_ms,transform_available,transform_latency_ms,cloud_points
0.0,0.0,4771.4,28.0,4771.42,8.0,,20.0,0,,10240
0.108,0.112,4771.5,40.0,4771.52,20.0,100.0,20.0,0,-20.0,10240
0.203,0.195,4771.6,23.0,4771.62,3.0,100.0,20.0,1,-20.0,10240
0.309,0.297,4771.7,25.0,4771.72,5.0,100.0,20.0,1,-20.0,10240
0.405,0.401,4771.8,29.0,4771.82,9.0,100.0,20.0,1,-20.0,10240
0.514,0.514,4771.9,42.0,4771.94,2.0,100.0,20.0,1,0.0,10240
0.614,0.604,4772.0,32.0,4772.02,12.0,100.0,20.0,1,0.0,10240
0.706,0.693,4772.1,21.0,4772.12,1.0,100.0,20.0,1,0.0,10240
0.811,0.801,4772.2,29.0,4772.22,9.0,100.0,20.0,1,-20.0,10240
0.907,0.899,4772.3,27.0,4772.32,7.0,100.0,20.0,1,-20.0,10240
1.008,0.995,4772.4,23.0,4772.42,3.0,100.0,20.0,1,-20.0,10240
1.115,1.097,4772.5,25.0,4772.52,5.0,100.0,20.0,1,0.0,10240
1.223,1.205,4772.6,33.0,4772.62,13.0,100.0,20.0,1,-20.0,10240
1.326,1.304,4772.7,32.0,4772.72,12.0,100.0,20.0,1,-20.0,10240
1.424,1.407,4772.8,35.0,4772.82,15.0,100.0,20.0,0,20.0,10240
1.534,1.506,4772.9,34.0,4772.92,14.0,100.0,20.0,1,-20.0,10240
1.623,1.605,4773.0,33.0,4773.02,13.0,100.0,20.0,1,-20.0,10240
1.719,1.697,4773.1,25.0,4773.12,5.0,100.0,20.0,1,0.0,10240
1.826,1.798,4773.2,26.0,4773.22,6.0,100.0,20.0,1,-20.0,10240
1.932,1.898,4773.3,26.0,4773.32,6.0,100.0,20.0,1,-20.0,10240
2.029,1.997,4773.4,25.0,4773.42,5.0,100.0,20.0,1,-20.0,10240
2.134,2.107,4773.5,35.0,4773.52,15.0,100.0,20.0,1,0.0,10240
2.233,2.212,4773.6,40.0,4773.62,20.0,100.0,20.0,1,-20.0,10240
2.329,2.298,4773.7,26.0,4773.72,6.0,100.0,20.0,1,0.0,10240
2.433,2.404,4773.8,32.0,4773.82,12.0,100.0,20.0,1,-20.0,10240
2.531,2.498,4773.9,26.0,4773.92,6.0,100.0,20.0,1,-20.0,10240
2.638,2.608,4774.0,36.0,4774.02,16.0,100.0,20.0,1,-20.0,10240
2.732,2.707,4774.1,35.0,4774.12,15.0,100.0,20.0,1,0.0,10240
2.838,2.804,4774.2,32.0,4774.22,12.0,100.0,20.0,1,-20.0,10240
2.937,2.907,4774.3,35.0,4774.32,15.0,100.0,20.0,1,-20.0,10240
3.036,3.007,4774.4,35.0,4774.42,15.0,100.0,20.0,0,40.0,10240
3.147,3.108,4774.5,36.0,4774.52,16.0,100.0,20.0,1,-20.0,10240
3.24,3.197,4774.6,25.0,4774.62,5.0,100.0,20.0,1,-20.0,10240
3.344,3.298,4774.7,26.0,4774.72,6.0,100.0,20.0,1,-20.0,10240
3.437,3.397,4774.8,25.0,4774.82,5.0,100.0,20.0,1,-20.0,10240
3.538,3.5,4774.9,28.0,4774.92,8.0,100.0,20.0,1,-20.0,10240
3.641,3.604,4775.0,32.0,4775.02,12.0,100.0,20.0,1,-20.0,10240
3.737,3.701,4775.1,29.0,4775.12,9.0,100.0,20.0,1,-20.0,10240
3.836,3.798,4775.2,26.0,4775.22,6.0,100.0,20.0,1,-20.0,10240
3.939,3.901,4775.3,29.0,4775.32,9.0,100.0,20.0,1,-20.0,10240
4.036,4.003,4775.4,31.0,4775.42,11.0,100.0,20.0,1,0.0,10240
4.142,4.101,4775.5,29.0,4775.52,9.0,100.0,20.0,1,-20.0,10240
4.236,4.192,4775.6,20.0,4775.6,20.0,100.0,20.0,1,0.0,10240
4.345,4.31,4775.7,38.0,4775.72,18.0,100.0,20.0,1,-20.0,10240
4.438,4.399,4775.8,27.0,4775.82,7.0,100.0,20.0,1,-20.0,10240
4.539,4.508,4775.9,36.0,4775.92,16.0,100.0,20.0,1,-20.0,10240
4.648,4.617,4776.0,45.0,4776.04,5.0,100.0,20.0,0,20.0,10240
4.743,4.711,4776.1,39.0,4776.12,19.0,100.0,20.0,0,60.0,10240
4.84,4.803,4776.2,31.0,4776.22,11.0,100.0,20.0,0,40.0,10240
4.941,4.902,4776.3,30.0,4776.32,10.0,100.0,20.0,1,-20.0,10240
5.043,4.997,4776.4,25.0,4776.42,5.0,100.0,20.0,1,-20.0,10240
5.146,5.109,4776.5,37.0,4776.52,17.0,100.0,20.0,1,-20.0,10240
5.239,5.195,4776.6,23.0,4776.62,3.0,100.0,20.0,1,0.0,10240
5.34,5.308,4776.7,36.0,4776.72,16.0,100.0,20.0,1,-20.0,10240
5.447,5.403,4776.8,31.0,4776.82,11.0,100.0,20.0,1,-20.0,10240
5.545,5.499,4776.9,27.0,4776.92,7.0,100.0,20.0,1,-20.0,10240
5.648,5.601,4777.0,29.0,4777.02,9.0,100.0,20.0,1,0.0,10240
5.752,5.711,4777.1,39.0,4777.12,19.0,100.0,20.0,1,-20.0,10240
5.849,5.798,4777.2,26.0,4777.22,6.0,100.0,20.0,1,0.0,10240
5.952,5.908,4777.3,36.0,4777.32,16.0,100.0,20.0,1,-20.0,10240
6.05,6.003,4777.4,31.0,4777.42,11.0,100.0,20.0,1,-20.0,10240
6.156,6.102,4777.5,30.0,4777.52,10.0,100.0,20.0,1,-20.0,10240
6.265,6.195,4777.6,23.0,4777.62,3.0,100.0,20.0,1,0.0,10240
6.356,6.301,4777.7,29.0,4777.72,9.0,100.0,20.0,1,-20.0,10240
6.452,6.397,4777.8,25.0,4777.82,5.0,100.0,20.0,1,-20.0,10240
6.557,6.504,4777.9,32.0,4777.92,12.0,100.0,20.0,1,-20.0,10240
6.655,6.602,4778.0,30.0,4778.02,10.0,100.0,20.0,1,0.0,10240
6.752,6.703,4778.1,31.0,4778.12,11.0,100.0,20.0,1,-20.0,10240
6.849,6.796,4778.2,24.0,4778.22,4.0,100.0,20.0,1,0.0,10240
6.953,6.9,4778.3,28.0,4778.32,8.0,100.0,20.0,1,-20.0,10240
7.059,7.003,4778.4,31.0,4778.42,11.0,100.0,20.0,1,-20.0,10240
7.158,7.096,4778.5,24.0,4778.52,4.0,100.0,20.0,1,0.0,10240
7.25,7.194,4778.6,22.0,4778.62,2.0,100.0,20.0,1,0.0,10240
7.359,7.301,4778.7,29.0,4778.72,9.0,100.0,20.0,1,-20.0,10240
7.452,7.406,4778.8,34.0,4778.82,14.0,100.0,20.0,1,0.0,10240
7.554,7.498,4778.9,26.0,4778.92,6.0,100.0,20.0,1,-20.0,10240
7.659,7.604,4779.0,32.0,4779.02,12.0,100.0,20.0,1,-20.0,10240
7.759,7.699,4779.1,27.0,4779.12,7.0,100.0,20.0,1,-20.0,10240
7.864,7.803,4779.2,31.0,4779.22,11.0,100.0,20.0,1,-20.0,10240
7.964,7.901,4779.3,29.0,4779.32,9.0,100.0,20.0,1,-20.0,10240
8.063,7.999,4779.4,27.0,4779.42,7.0,100.0,20.0,1,-20.0,10240
8.157,8.093,4779.5,21.0,4779.52,1.0,100.0,20.0,1,-20.0,10240
8.262,8.2,4779.6,28.0,4779.62,8.0,100.0,20.0,1,-20.0,10240
8.369,8.307,4779.7,35.0,4779.72,15.0,100.0,20.0,1,-20.0,10240
8.458,8.394,4779.8,22.0,4779.82,2.0,100.0,20.0,1,0.0,10240
8.558,8.507,4779.9,35.0,4779.92,15.0,100.0,20.0,1,0.0,10240
8.662,8.603,4780.0,31.0,4780.02,11.0,100.0,20.0,1,0.0,10240
8.759,8.707,4780.1,35.0,4780.12,15.0,100.0,20.0,1,0.0,10240
8.861,8.798,4780.2,26.0,4780.22,6.0,100.0,20.0,1,0.0,10240
8.965,8.902,4780.3,30.0,4780.32,10.0,100.0,20.0,1,0.0,10240
9.061,9.005,4780.4,33.0,4780.42,13.0,100.0,20.0,1,-20.0,10240
9.164,9.101,4780.5,29.0,4780.52,9.0,100.0,20.0,1,-20.0,10240
9.26,9.198,4780.6,26.0,4780.62,6.0,100.0,20.0,1,-20.0,10240
9.362,9.297,4780.7,25.0,4780.72,5.0,100.0,20.0,1,0.0,10240
9.463,9.396,4780.8,24.0,4780.82,4.0,100.0,20.0,1,0.0,10240
9.567,9.501,4780.9,29.0,4780.92,9.0,100.0,20.0,1,-20.0,10240
9.663,9.597,4781.0,25.0,4781.02,5.0,100.0,20.0,1,-20.0,10240
9.772,9.714,4781.1,42.0,4781.14,2.0,100.0,20.0,1,-20.0,10240
9.861,9.794,4781.2,22.0,4781.22,2.0,100.0,20.0,1,0.0,10240
9.963,9.897,4781.3,25.0,4781.32,5.0,100.0,20.0,1,-20.0,10240
10.071,9.996,4781.4,24.0,4781.42,4.0,100.0,20.0,1,-20.0,10240
10.168,10.099,4781.5,27.0,4781.52,7.0,100.0,20.0,1,-20.0,10240
10.276,10.209,4781.6,37.0,4781.62,17.0,100.0,20.0,1,-20.0,10240
10.369,10.301,4781.7,29.0,4781.72,9.0,100.0,20.0,1,-20.0,10240
10.468,10.401,4781.8,29.0,4781.82,9.0,100.0,20.0,1,-20.0,10240
10.575,10.503,4781.9,31.0,4781.92,11.0,100.0,20.0,1,-20.0,10240
10.671,10.593,4782.0,21.0,4782.02,1.0,100.0,20.0,1,-20.0,10240
10.775,10.696,4782.1,24.0,4782.12,4.0,100.0,20.0,1,0.0,10240
10.874,10.811,4782.2,39.0,4782.22,19.0,100.0,20.0,1,-20.0,10240
10.973,10.9,4782.3,28.0,4782.32,8.0,100.0,20.0,1,-20.0,10240
11.076,10.996,4782.4,24.0,4782.42,4.0,100.0,20.0,1,0.0,10240
11.176,11.109,4782.5,37.0,4782.52,17.0,100.0,20.0,1,-20.0,10240
11.275,11.198,4782.6,26.0,4782.62,6.0,100.0,20.0,1,0.0,10240
11.388,11.31,4782.7,38.0,4782.72,18.0,100.0,20.0,1,-20.0,10240
11.475,11.398,4782.8,26.0,4782.82,6.0,100.0,20.0,1,-20.0,10240
11.579,11.501,4782.9,29.0,4782.92,9.0,100.0,20.0,1,-20.0,10240
11.682,11.611,4783.0,39.0,4783.02,19.0,100.0,20.0,1,-20.0,10240
11.773,11.696,4783.1,24.0,4783.12,4.0,100.0,20.0,1,0.0,10240
11.879,11.809,4783.2,37.0,4783.22,17.0,100.0,20.0,1,-20.0,10240
11.98,11.9,4783.3,28.0,4783.32,8.0,100.0,20.0,1,0.0,10240
12.081,12.005,4783.4,33.0,4783.42,13.0,100.0,20.0,1,-20.0,10240
12.18,12.106,4783.5,34.0,4783.52,14.0,100.0,20.0,1,0.0,10240
12.281,12.194,4783.6,22.0,4783.62,2.0,100.0,20.0,1,-20.0,10240
12.383,12.299,4783.7,27.0,4783.72,7.0,100.0,20.0,1,-20.0,10240
12.477,12.405,4783.8,33.0,4783.82,13.0,100.0,20.0,1,0.0,10240
12.583,12.499,4783.9,27.0,4783.92,7.0,100.0,20.0,1,-20.0,10240
12.686,12.601,4784.0,29.0,4784.02,9.0,100.0,20.0,1,-20.0,10240
12.775,12.699,4784.1,27.0,4784.12,7.0,100.0,20.0,1,0.0,10240
12.877,12.798,4784.2,26.0,4784.22,6.0,100.0,20.0,1,-20.0,10240
12.978,12.896,4784.3,24.0,4784.32,4.0,100.0,20.0,1,0.0,10240
13.08,12.994,4784.4,22.0,4784.42,2.0,100.0,20.0,1,0.0,10240
13.185,13.095,4784.5,23.0,4784.52,3.0,100.0,20.0,1,0.0,10240
13.283,13.208,4784.6,36.0,4784.62,16.0,100.0,20.0,1,-20.0,10240
13.389,13.306,4784.7,34.0,4784.72,14.0,100.0,20.0,1,-20.0,10240
13.485,13.406,4784.8,34.0,4784.82,14.0,100.0,20.0,1,-20.0,10240
13.584,13.498,4784.9,26.0,4784.92,6.0,100.0,20.0,1,-20.0,10240
13.688,13.601,4785.0,29.0,4785.02,9.0,100.0,20.0,1,-20.0,10240
13.79,13.703,4785.1,31.0,4785.12,11.0,100.0,20.0,1,-20.0,10240
13.894,13.799,4785.2,27.0,4785.22,7.0,100.0,20.0,1,-20.0,10240
13.989,13.903,4785.3,31.0,4785.32,11.0,100.0,20.0,1,-20.0,10240
14.086,13.999,4785.4,27.0,4785.42,7.0,100.0,20.0,1,0.0,10240
14.193,14.1,4785.5,28.0,4785.52,8.0,100.0,20.0,1,-20.0,10240
14.285,14.198,4785.6,26.0,4785.62,6.0,100.0,20.0,1,0.0,10240
14.393,14.3,4785.7,28.0,4785.72,8.0,100.0,20.0,1,-20.0,10240
14.494,14.397,4785.8,25.0,4785.82,5.0,100.0,20.0,1,-20.0,10240
14.594,14.504,4785.9,32.0,4785.92,12.0,100.0,20.0,1,-20.0,10240
14.693,14.603,4786.0,31.0,4786.02,11.0,100.0,20.0,1,0.0,10240
14.792,14.706,4786.1,34.0,4786.12,14.0,100.0,20.0,1,0.0,10240
14.896,14.8,4786.2,28.0,4786.22,8.0,100.0,20.0,1,-20.0,10240
